match_id,season_num,season,venue,toss_winner,team1,team2,toss_decision,match_winner,toss_won_match,bat_first_won,field_first_won
335982,2008,2008,M Chinnaswamy Stadium,Royal Challengers Bangalore,Royal Challengers Bangalore,Kolkata Knight Riders,field,Kolkata Knight Riders,0,0,0
335983,2008,2008,"Punjab Cricket Association Stadium, Mohali",Chennai Super Kings,Punjab Kings,Chennai Super Kings,bat,Chennai Super Kings,1,1,0
335984,2008,2008,Feroz Shah Kotla,Rajasthan Royals,Delhi Capitals,Rajasthan Royals,bat,Delhi Capitals,0,0,0
335985,2008,2008,Wankhede Stadium,Mumbai Indians,Mumbai Indians,Royal Challengers Bangalore,bat,Royal Challengers Bangalore,0,0,0
335986,2008,2008,Eden Gardens,Sunrisers Hyderabad,Kolkata Knight Riders,Sunrisers Hyderabad,bat,Kolkata Knight Riders,0,0,0
335987,2008,2008,Sawai Mansingh Stadium,Punjab Kings,Rajasthan Royals,Punjab Kings,bat,Rajasthan Royals,0,0,0
335988,2008,2008,"Rajiv Gandhi International Stadium, Uppal",Sunrisers Hyderabad,Sunrisers Hyderabad,Delhi Capitals,bat,Delhi Capitals,0,0,0
335989,2008,2008,"MA Chidambaram Stadium, Chepauk",Mumbai Indians,Chennai Super Kings,Mumbai Indians,field,Chennai Super Kings,0,0,0
335990,2008,2008,"Rajiv Gandhi International Stadium, Uppal",Rajasthan Royals,Sunrisers Hyderabad,Rajasthan Royals,field,Rajasthan Royals,1,0,1
335991,2008,2008,"Punjab Cricket Association Stadium, Mohali",Mumbai Indians,Punjab Kings,Mumbai Indians,field,Punjab Kings,0,0,0
335992,2008,2008,M Chinnaswamy Stadium,Rajasthan Royals,Royal Challengers Bangalore,Rajasthan Royals,field,Rajasthan Royals,1,0,1
335993,2008,2008,"MA Chidambaram Stadium, Chepauk",Kolkata Knight Riders,Chennai Super Kings,Kolkata Knight Riders,bat,Chennai Super Kings,0,0,0
335994,2008,2008,Dr DY Patil Sports Academy,Sunrisers Hyderabad,Mumbai Indians,Sunrisers Hyderabad,field,Sunrisers Hyderabad,1,0,1
335995,2008,2008,"Punjab Cricket Association Stadium, Mohali",Delhi Capitals,Punjab Kings,Delhi Capitals,bat,Punjab Kings,0,0,0
335996,2008,2008,M Chinnaswamy Stadium,Chennai Super Kings,Royal Challengers Bangalore,Chennai Super Kings,bat,Chennai Super Kings,1,1,0
335997,2008,2008,Eden Gardens,Kolkata Knight Riders,Kolkata Knight Riders,Mumbai Indians,bat,Mumbai Indians,0,0,0
335998,2008,2008,Feroz Shah Kotla,Royal Challengers Bangalore,Delhi Capitals,Royal Challengers Bangalore,field,Delhi Capitals,0,0,0
335999,2008,2008,"Rajiv Gandhi International Stadium, Uppal",Punjab Kings,Sunrisers Hyderabad,Punjab Kings,field,Punjab Kings,1,0,1
336000,2008,2008,Sawai Mansingh Stadium,Rajasthan Royals,Rajasthan Royals,Kolkata Knight Riders,bat,Rajasthan Royals,1,1,0
336001,2008,2008,"MA Chidambaram Stadium, Chepauk",Chennai Super Kings,Chennai Super Kings,Delhi Capitals,bat,Delhi Capitals,0,0,0
336002,2008,2008,"Rajiv Gandhi International Stadium, Uppal",Sunrisers Hyderabad,Sunrisers Hyderabad,Royal Challengers Bangalore,bat,Royal Challengers Bangalore,0,0,0
336003,2008,2008,"Punjab Cricket Association Stadium, Mohali",Punjab Kings,Punjab Kings,Kolkata Knight Riders,bat,Punjab Kings,1,1,0
336004,2008,2008,Dr DY Patil Sports Academy,Delhi Capitals,Mumbai Indians,Delhi Capitals,field,Mumbai Indians,0,0,0
336005,2008,2008,Sawai Mansingh Stadium,Chennai Super Kings,Rajasthan Royals,Chennai Super Kings,bat,Rajasthan Royals,0,0,0
336006,2008,2008,M Chinnaswamy Stadium,Punjab Kings,Royal Challengers Bangalore,Punjab Kings,field,Punjab Kings,1,0,1
336007,2008,2008,"MA Chidambaram Stadium, Chepauk",Sunrisers Hyderabad,Chennai Super Kings,Sunrisers Hyderabad,field,Sunrisers Hyderabad,1,0,1
336008,2008,2008,Dr DY Patil Sports Academy,Mumbai Indians,Mumbai Indians,Rajasthan Royals,field,Mumbai Indians,1,0,1
336009,2008,2008,Feroz Shah Kotla,Chennai Super Kings,Delhi Capitals,Chennai Super Kings,field,Chennai Super Kings,1,0,1
336010,2008,2008,Eden Gardens,Kolkata Knight Riders,Kolkata Knight Riders,Royal Challengers Bangalore,bat,Kolkata Knight Riders,1,1,0
336011,2008,2008,Sawai Mansingh Stadium,Rajasthan Royals,Rajasthan Royals,Sunrisers Hyderabad,field,Rajasthan Royals,1,0,1
336012,2008,2008,M Chinnaswamy Stadium,Mumbai Indians,Royal Challengers Bangalore,Mumbai Indians,field,Mumbai Indians,1,0,1
336013,2008,2008,"MA Chidambaram Stadium, Chepauk",Punjab Kings,Chennai Super Kings,Punjab Kings,field,Chennai Super Kings,0,0,0
336014,2008,2008,"Rajiv Gandhi International Stadium, Uppal",Kolkata Knight Riders,Sunrisers Hyderabad,Kolkata Knight Riders,bat,Kolkata Knight Riders,1,1,0
336015,2008,2008,Sawai Mansingh Stadium,Rajasthan Royals,Rajasthan Royals,Delhi Capitals,field,Rajasthan Royals,1,0,1
336016,2008,2008,"Punjab Cricket Association Stadium, Mohali",Royal Challengers Bangalore,Punjab Kings,Royal Challengers Bangalore,bat,Punjab Kings,0,0,0
336017,2008,2008,Eden Gardens,Kolkata Knight Riders,Kolkata Knight Riders,Delhi Capitals,bat,Kolkata Knight Riders,1,1,0
336018,2008,2008,Wankhede Stadium,Mumbai Indians,Mumbai Indians,Chennai Super Kings,field,Mumbai Indians,1,0,1
336019,2008,2008,"Punjab Cricket Association Stadium, Mohali",Rajasthan Royals,Punjab Kings,Rajasthan Royals,field,Punjab Kings,0,0,0
336020,2008,2008,Feroz Shah Kotla,Sunrisers Hyderabad,Delhi Capitals,Sunrisers Hyderabad,field,Delhi Capitals,0,0,0
336021,2008,2008,Wankhede Stadium,Mumbai Indians,Mumbai Indians,Kolkata Knight Riders,field,Mumbai Indians,1,0,1
336022,2008,2008,Feroz Shah Kotla,Delhi Capitals,Delhi Capitals,Punjab Kings,bat,Punjab Kings,0,0,0
336023,2008,2008,Sawai Mansingh Stadium,Royal Challengers Bangalore,Rajasthan Royals,Royal Challengers Bangalore,field,Rajasthan Royals,0,0,0
336024,2008,2008,"Rajiv Gandhi International Stadium, Uppal",Sunrisers Hyderabad,Sunrisers Hyderabad,Mumbai Indians,field,Mumbai Indians,0,0,0
336025,2008,2008,Eden Gardens,Kolkata Knight Riders,Kolkata Knight Riders,Chennai Super Kings,bat,Chennai Super Kings,0,0,0
336026,2008,2008,M Chinnaswamy Stadium,Delhi Capitals,Royal Challengers Bangalore,Delhi Capitals,field,Delhi Capitals,1,0,1
336027,2008,2008,Eden Gardens,Rajasthan Royals,Kolkata Knight Riders,Rajasthan Royals,field,Rajasthan Royals,1,0,1
336028,2008,2008,Wankhede Stadium,Mumbai Indians,Mumbai Indians,Punjab Kings,field,Punjab Kings,0,0,0
336029,2008,2008,"MA Chidambaram Stadium, Chepauk",Royal Challengers Bangalore,Chennai Super Kings,Royal Challengers Bangalore,bat,Royal Challengers Bangalore,1,1,0
336031,2008,2008,"Punjab Cricket Association Stadium, Mohali",Punjab Kings,Punjab Kings,Sunrisers Hyderabad,field,Punjab Kings,1,0,1
336032,2008,2008,Feroz Shah Kotla,Delhi Capitals,Delhi Capitals,Mumbai Indians,field,Delhi Capitals,1,0,1
336033,2008,2008,"MA Chidambaram Stadium, Chepauk",Rajasthan Royals,Chennai Super Kings,Rajasthan Royals,bat,Rajasthan Royals,1,1,0
336034,2008,2008,M Chinnaswamy Stadium,Sunrisers Hyderabad,Royal Challengers Bangalore,Sunrisers Hyderabad,field,Royal Challengers Bangalore,0,0,0
336035,2008,2008,Eden Gardens,Punjab Kings,Kolkata Knight Riders,Punjab Kings,bat,Kolkata Knight Riders,0,0,0
336036,2008,2008,Sawai Mansingh Stadium,Rajasthan Royals,Rajasthan Royals,Mumbai Indians,field,Rajasthan Royals,1,0,1
336037,2008,2008,"Rajiv Gandhi International Stadium, Uppal",Sunrisers Hyderabad,Sunrisers Hyderabad,Chennai Super Kings,bat,Chennai Super Kings,0,0,0
336038,2008,2008,Wankhede Stadium,Delhi Capitals,Delhi Capitals,Rajasthan Royals,field,Rajasthan Royals,0,0,0
336039,2008,2008,Wankhede Stadium,Punjab Kings,Chennai Super Kings,Punjab Kings,bat,Chennai Super Kings,0,0,0
336040,2008,2008,Dr DY Patil Sports Academy,Rajasthan Royals,Chennai Super Kings,Rajasthan Royals,field,Rajasthan Royals,1,0,1
392181,2009,2009,Newlands,Chennai Super Kings,Chennai Super Kings,Mumbai Indians,field,Mumbai Indians,0,0,0
392182,2009,2009,Newlands,Royal Challengers Bangalore,Royal Challengers Bangalore,Rajasthan Royals,bat,Royal Challengers Bangalore,1,1,0
392183,2009,2009,Newlands,Delhi Capitals,Delhi Capitals,Punjab Kings,field,Delhi Capitals,1,0,1
392184,2009,2009,Newlands,Kolkata Knight Riders,Sunrisers Hyderabad,Kolkata Knight Riders,bat,Sunrisers Hyderabad,0,0,0
392185,2009,2009,St George's Park,Chennai Super Kings,Royal Challengers Bangalore,Chennai Super Kings,bat,Chennai Super Kings,1,1,0
392186,2009,2009,Kingsmead,Kolkata Knight Riders,Punjab Kings,Kolkata Knight Riders,field,Kolkata Knight Riders,1,0,1
392188,2009,2009,Newlands,Sunrisers Hyderabad,Royal Challengers Bangalore,Sunrisers Hyderabad,bat,Sunrisers Hyderabad,1,1,0
392189,2009,2009,Kingsmead,Delhi Capitals,Chennai Super Kings,Delhi Capitals,bat,Delhi Capitals,1,1,0
392190,2009,2009,Newlands,Kolkata Knight Riders,Kolkata Knight Riders,Rajasthan Royals,field,Rajasthan Royals,0,0,0
392191,2009,2009,Kingsmead,Royal Challengers Bangalore,Royal Challengers Bangalore,Punjab Kings,bat,Punjab Kings,0,0,0
392192,2009,2009,Kingsmead,Sunrisers Hyderabad,Sunrisers Hyderabad,Mumbai Indians,bat,Sunrisers Hyderabad,1,1,0
392194,2009,2009,St George's Park,Royal Challengers Bangalore,Royal Challengers Bangalore,Delhi Capitals,bat,Delhi Capitals,0,0,0
392195,2009,2009,Newlands,Punjab Kings,Punjab Kings,Rajasthan Royals,bat,Punjab Kings,1,1,0
392196,2009,2009,Kingsmead,Sunrisers Hyderabad,Chennai Super Kings,Sunrisers Hyderabad,field,Sunrisers Hyderabad,1,0,1
392197,2009,2009,St George's Park,Mumbai Indians,Kolkata Knight Riders,Mumbai Indians,bat,Mumbai Indians,1,1,0
392198,2009,2009,SuperSport Park,Delhi Capitals,Delhi Capitals,Rajasthan Royals,bat,Rajasthan Royals,0,0,0
392199,2009,2009,Kingsmead,Kolkata Knight Riders,Royal Challengers Bangalore,Kolkata Knight Riders,bat,Royal Challengers Bangalore,0,0,0
392200,2009,2009,Kingsmead,Punjab Kings,Punjab Kings,Mumbai Indians,bat,Punjab Kings,1,1,0
392201,2009,2009,SuperSport Park,Delhi Capitals,Sunrisers Hyderabad,Delhi Capitals,field,Delhi Capitals,1,0,1
392202,2009,2009,SuperSport Park,Rajasthan Royals,Chennai Super Kings,Rajasthan Royals,field,Chennai Super Kings,0,0,0
392203,2009,2009,Buffalo Park,Mumbai Indians,Kolkata Knight Riders,Mumbai Indians,bat,Mumbai Indians,1,1,0
392204,2009,2009,Kingsmead,Royal Challengers Bangalore,Royal Challengers Bangalore,Punjab Kings,bat,Royal Challengers Bangalore,1,1,0
392205,2009,2009,St George's Park,Sunrisers Hyderabad,Sunrisers Hyderabad,Rajasthan Royals,bat,Rajasthan Royals,0,0,0
392206,2009,2009,New Wanderers Stadium,Delhi Capitals,Chennai Super Kings,Delhi Capitals,field,Chennai Super Kings,0,0,0
392207,2009,2009,St George's Park,Kolkata Knight Riders,Punjab Kings,Kolkata Knight Riders,bat,Punjab Kings,0,0,0
392208,2009,2009,New Wanderers Stadium,Mumbai Indians,Royal Challengers Bangalore,Mumbai Indians,bat,Royal Challengers Bangalore,0,0,0
392209,2009,2009,Buffalo Park,Chennai Super Kings,Chennai Super Kings,Sunrisers Hyderabad,bat,Chennai Super Kings,1,1,0
392210,2009,2009,Kingsmead,Punjab Kings,Punjab Kings,Rajasthan Royals,field,Rajasthan Royals,0,0,0
392211,2009,2009,Kingsmead,Kolkata Knight Riders,Delhi Capitals,Kolkata Knight Riders,bat,Delhi Capitals,0,0,0
392212,2009,2009,SuperSport Park,Sunrisers Hyderabad,Sunrisers Hyderabad,Mumbai Indians,bat,Sunrisers Hyderabad,1,1,0
392213,2009,2009,SuperSport Park,Rajasthan Royals,Royal Challengers Bangalore,Rajasthan Royals,field,Rajasthan Royals,1,0,1
392214,2009,2009,SuperSport Park,Chennai Super Kings,Chennai Super Kings,Punjab Kings,bat,Chennai Super Kings,1,1,0
392215,2009,2009,Buffalo Park,Mumbai Indians,Delhi Capitals,Mumbai Indians,bat,Delhi Capitals,0,0,0
392216,2009,2009,De Beers Diamond Oval,Punjab Kings,Sunrisers Hyderabad,Punjab Kings,field,Punjab Kings,1,0,1
392217,2009,2009,De Beers Diamond Oval,Rajasthan Royals,Chennai Super Kings,Rajasthan Royals,bat,Chennai Super Kings,0,0,0
392218,2009,2009,St George's Park,Mumbai Indians,Royal Challengers Bangalore,Mumbai Indians,bat,Mumbai Indians,1,1,0
392219,2009,2009,New Wanderers Stadium,Delhi Capitals,Delhi Capitals,Kolkata Knight Riders,field,Delhi Capitals,1,0,1
392220,2009,2009,De Beers Diamond Oval,Sunrisers Hyderabad,Sunrisers Hyderabad,Rajasthan Royals,bat,Sunrisers Hyderabad,1,1,0
392221,2009,2009,SuperSport Park,Royal Challengers Bangalore,Royal Challengers Bangalore,Kolkata Knight Riders,field,Royal Challengers Bangalore,1,0,1
392222,2009,2009,SuperSport Park,Punjab Kings,Punjab Kings,Mumbai Indians,bat,Mumbai Indians,0,0,0
392223,2009,2009,Kingsmead,Sunrisers Hyderabad,Sunrisers Hyderabad,Delhi Capitals,field,Delhi Capitals,0,0,0
392224,2009,2009,Kingsmead,Chennai Super Kings,Royal Challengers Bangalore,Chennai Super Kings,bat,Royal Challengers Bangalore,0,0,0
392225,2009,2009,Kingsmead,Rajasthan Royals,Mumbai Indians,Rajasthan Royals,bat,Rajasthan Royals,1,1,0
392226,2009,2009,OUTsurance Oval,Punjab Kings,Delhi Capitals,Punjab Kings,field,Punjab Kings,1,0,1
392227,2009,2009,St George's Park,Mumbai Indians,Chennai Super Kings,Mumbai Indians,bat,Chennai Super Kings,0,0,0
392228,2009,2009,New Wanderers Stadium,Sunrisers Hyderabad,Sunrisers Hyderabad,Kolkata Knight Riders,field,Sunrisers Hyderabad,1,0,1
392229,2009,2009,New Wanderers Stadium,Sunrisers Hyderabad,Sunrisers Hyderabad,Punjab Kings,field,Punjab Kings,0,0,0
392230,2009,2009,OUTsurance Oval,Delhi Capitals,Delhi Capitals,Rajasthan Royals,bat,Delhi Capitals,1,1,0
392231,2009,2009,SuperSport Park,Chennai Super Kings,Chennai Super Kings,Kolkata Knight Riders,bat,Kolkata Knight Riders,0,0,0
392232,2009,2009,New Wanderers Stadium,Delhi Capitals,Royal Challengers Bangalore,Delhi Capitals,bat,Royal Challengers Bangalore,0,0,0
392233,2009,2009,Kingsmead,Kolkata Knight Riders,Kolkata Knight Riders,Rajasthan Royals,field,Kolkata Knight Riders,1,0,1
392234,2009,2009,Kingsmead,Chennai Super Kings,Chennai Super Kings,Punjab Kings,bat,Chennai Super Kings,1,1,0
392235,2009,2009,SuperSport Park,Delhi Capitals,Delhi Capitals,Mumbai Indians,field,Delhi Capitals,1,0,1
392236,2009,2009,SuperSport Park,Royal Challengers Bangalore,Royal Challengers Bangalore,Sunrisers Hyderabad,bat,Royal Challengers Bangalore,1,1,0
392237,2009,2009,SuperSport Park,Sunrisers Hyderabad,Delhi Capitals,Sunrisers Hyderabad,field,Sunrisers Hyderabad,1,0,1
392238,2009,2009,New Wanderers Stadium,Royal Challengers Bangalore,Royal Challengers Bangalore,Chennai Super Kings,field,Royal Challengers Bangalore,1,0,1
392239,2009,2009,New Wanderers Stadium,Royal Challengers Bangalore,Royal Challengers Bangalore,Sunrisers Hyderabad,field,Sunrisers Hyderabad,0,0,0
419106,2010,2010,Dr DY Patil Sports Academy,Sunrisers Hyderabad,Sunrisers Hyderabad,Kolkata Knight Riders,field,Kolkata Knight Riders,0,0,0
419107,2010,2010,Brabourne Stadium,Mumbai Indians,Mumbai Indians,Rajasthan Royals,bat,Mumbai Indians,1,1,0
419108,2010,2010,"Punjab Cricket Association Stadium, Mohali",Delhi Capitals,Punjab Kings,Delhi Capitals,field,Delhi Capitals,1,0,1
419109,2010,2010,Eden Gardens,Kolkata Knight Riders,Kolkata Knight Riders,Royal Challengers Bangalore,field,Kolkata Knight Riders,1,0,1
419110,2010,2010,"MA Chidambaram Stadium, Chepauk",Sunrisers Hyderabad,Chennai Super Kings,Sunrisers Hyderabad,bat,Sunrisers Hyderabad,1,1,0
419111,2010,2010,"Sardar Patel Stadium, Motera",Delhi Capitals,Rajasthan Royals,Delhi Capitals,field,Delhi Capitals,1,0,1
419112,2010,2010,M Chinnaswamy Stadium,Punjab Kings,Royal Challengers Bangalore,Punjab Kings,bat,Royal Challengers Bangalore,0,0,0
419113,2010,2010,Eden Gardens,Chennai Super Kings,Kolkata Knight Riders,Chennai Super Kings,bat,Chennai Super Kings,1,1,0
419114,2010,2010,Feroz Shah Kotla,Delhi Capitals,Delhi Capitals,Mumbai Indians,field,Mumbai Indians,0,0,0
419115,2010,2010,M Chinnaswamy Stadium,Royal Challengers Bangalore,Royal Challengers Bangalore,Rajasthan Royals,field,Royal Challengers Bangalore,1,0,1
419116,2010,2010,Feroz Shah Kotla,Delhi Capitals,Delhi Capitals,Chennai Super Kings,bat,Chennai Super Kings,0,0,0
419117,2010,2010,Barabati Stadium,Punjab Kings,Sunrisers Hyderabad,Punjab Kings,field,Sunrisers Hyderabad,0,0,0
419118,2010,2010,"Sardar Patel Stadium, Motera",Rajasthan Royals,Rajasthan Royals,Kolkata Knight Riders,bat,Rajasthan Royals,1,1,0
419119,2010,2010,Brabourne Stadium,Mumbai Indians,Mumbai Indians,Royal Challengers Bangalore,bat,Royal Challengers Bangalore,0,0,0
419120,2010,2010,Barabati Stadium,Sunrisers Hyderabad,Sunrisers Hyderabad,Delhi Capitals,bat,Sunrisers Hyderabad,1,1,0
419121,2010,2010,"MA Chidambaram Stadium, Chepauk",Chennai Super Kings,Chennai Super Kings,Punjab Kings,field,Punjab Kings,0,0,0
419122,2010,2010,Brabourne Stadium,Kolkata Knight Riders,Mumbai Indians,Kolkata Knight Riders,bat,Mumbai Indians,0,0,0
419123,2010,2010,M Chinnaswamy Stadium,Chennai Super Kings,Royal Challengers Bangalore,Chennai Super Kings,field,Royal Challengers Bangalore,0,0,0
419124,2010,2010,"Punjab Cricket Association Stadium, Mohali",Punjab Kings,Punjab Kings,Rajasthan Royals,field,Rajasthan Royals,0,0,0
419125,2010,2010,"Brabourne Stadium, Mumbai",Mumbai Indians,Chennai Super Kings,Mumbai Indians,field,Mumbai Indians,1,0,1
419126,2010,2010,"Sardar Patel Stadium, Motera",Sunrisers Hyderabad,Rajasthan Royals,Sunrisers Hyderabad,bat,Rajasthan Royals,0,0,0
419127,2010,2010,"Punjab Cricket Association Stadium, Mohali",Kolkata Knight Riders,Punjab Kings,Kolkata Knight Riders,bat,Kolkata Knight Riders,1,1,0
419128,2010,2010,M Chinnaswamy Stadium,Royal Challengers Bangalore,Royal Challengers Bangalore,Delhi Capitals,field,Delhi Capitals,0,0,0
419129,2010,2010,"Sardar Patel Stadium, Motera",Rajasthan Royals,Rajasthan Royals,Chennai Super Kings,bat,Rajasthan Royals,1,1,0
419130,2010,2010,Dr DY Patil Sports Academy,Sunrisers Hyderabad,Sunrisers Hyderabad,Mumbai Indians,field,Mumbai Indians,0,0,0
419131,2010,2010,Feroz Shah Kotla,Delhi Capitals,Delhi Capitals,Kolkata Knight Riders,bat,Delhi Capitals,1,1,0
419132,2010,2010,Brabourne Stadium,Mumbai Indians,Mumbai Indians,Punjab Kings,field,Mumbai Indians,1,0,1
419133,2010,2010,"MA Chidambaram Stadium, Chepauk",Royal Challengers Bangalore,Chennai Super Kings,Royal Challengers Bangalore,bat,Chennai Super Kings,0,0,0
419134,2010,2010,Feroz Shah Kotla,Delhi Capitals,Delhi Capitals,Rajasthan Royals,bat,Delhi Capitals,1,1,0
419135,2010,2010,Eden Gardens,Kolkata Knight Riders,Kolkata Knight Riders,Sunrisers Hyderabad,bat,Kolkata Knight Riders,1,1,0
419136,2010,2010,"Punjab Cricket Association Stadium, Mohali",Punjab Kings,Punjab Kings,Royal Challengers Bangalore,bat,Royal Challengers Bangalore,0,0,0
419137,2010,2010,"MA Chidambaram Stadium, Chepauk",Chennai Super Kings,Chennai Super Kings,Rajasthan Royals,bat,Chennai Super Kings,1,1,0
419138,2010,2010,Brabourne Stadium,Mumbai Indians,Mumbai Indians,Sunrisers Hyderabad,bat,Mumbai Indians,1,1,0
419139,2010,2010,Eden Gardens,Kolkata Knight Riders,Kolkata Knight Riders,Punjab Kings,bat,Punjab Kings,0,0,0
419140,2010,2010,Feroz Shah Kotla,Delhi Capitals,Delhi Capitals,Royal Challengers Bangalore,bat,Delhi Capitals,1,1,0
419141,2010,2010,"Vidarbha Cricket Association Stadium, Jamtha",Rajasthan Royals,Sunrisers Hyderabad,Rajasthan Royals,bat,Rajasthan Royals,1,1,0
419142,2010,2010,"MA Chidambaram Stadium, Chepauk",Chennai Super Kings,Chennai Super Kings,Mumbai Indians,bat,Chennai Super Kings,1,1,0
419143,2010,2010,Sawai Mansingh Stadium,Punjab Kings,Rajasthan Royals,Punjab Kings,bat,Rajasthan Royals,0,0,0
419144,2010,2010,Eden Gardens,Kolkata Knight Riders,Kolkata Knight Riders,Delhi Capitals,bat,Kolkata Knight Riders,1,1,0
419145,2010,2010,M Chinnaswamy Stadium,Sunrisers Hyderabad,Royal Challengers Bangalore,Sunrisers Hyderabad,field,Sunrisers Hyderabad,1,0,1
419146,2010,2010,"Punjab Cricket Association Stadium, Mohali",Mumbai Indians,Punjab Kings,Mumbai Indians,bat,Punjab Kings,0,0,0
419147,2010,2010,"Vidarbha Cricket Association Stadium, Jamtha",Chennai Super Kings,Sunrisers Hyderabad,Chennai Super Kings,bat,Sunrisers Hyderabad,0,0,0
419148,2010,2010,M Chinnaswamy Stadium,Royal Challengers Bangalore,Royal Challengers Bangalore,Kolkata Knight Riders,field,Royal Challengers Bangalore,1,0,1
419149,2010,2010,Feroz Shah Kotla,Delhi Capitals,Delhi Capitals,Punjab Kings,bat,Punjab Kings,0,0,0
419150,2010,2010,Sawai Mansingh Stadium,Rajasthan Royals,Rajasthan Royals,Mumbai Indians,field,Mumbai Indians,0,0,0
419151,2010,2010,"Vidarbha Cricket Association Stadium, Jamtha",Royal Challengers Bangalore,Sunrisers Hyderabad,Royal Challengers Bangalore,field,Sunrisers Hyderabad,0,0,0
419152,2010,2010,Brabourne Stadium,Mumbai Indians,Mumbai Indians,Delhi Capitals,bat,Mumbai Indians,1,1,0
419153,2010,2010,"MA Chidambaram Stadium, Chepauk",Kolkata Knight Riders,Chennai Super Kings,Kolkata Knight Riders,bat,Chennai Super Kings,0,0,0
419154,2010,2010,Sawai Mansingh Stadium,Rajasthan Royals,Rajasthan Royals,Royal Challengers Bangalore,bat,Royal Challengers Bangalore,0,0,0
419155,2010,2010,"MA Chidambaram Stadium, Chepauk",Chennai Super Kings,Chennai Super Kings,Delhi Capitals,bat,Delhi Capitals,0,0,0
419156,2010,2010,Himachal Pradesh Cricket Association Stadium,Sunrisers Hyderabad,Punjab Kings,Sunrisers Hyderabad,field,Sunrisers Hyderabad,1,0,1
419157,2010,2010,M Chinnaswamy Stadium,Royal Challengers Bangalore,Royal Challengers Bangalore,Mumbai Indians,field,Mumbai Indians,0,0,0
419158,2010,2010,Eden Gardens,Rajasthan Royals,Kolkata Knight Riders,Rajasthan Royals,bat,Kolkata Knight Riders,0,0,0
419159,2010,2010,Himachal Pradesh Cricket Association Stadium,Chennai Super Kings,Punjab Kings,Chennai Super Kings,field,Chennai Super Kings,1,0,1
419160,2010,2010,Feroz Shah Kotla,Sunrisers Hyderabad,Delhi Capitals,Sunrisers Hyderabad,bat,Sunrisers Hyderabad,1,1,0
419161,2010,2010,Eden Gardens,Mumbai Indians,Kolkata Knight Riders,Mumbai Indians,bat,Kolkata Knight Riders,0,0,0
419162,2010,2010,Dr DY Patil Sports Academy,Mumbai Indians,Royal Challengers Bangalore,Mumbai Indians,bat,Mumbai Indians,1,1,0
419163,2010,2010,Dr DY Patil Sports Academy,Chennai Super Kings,Chennai Super Kings,Sunrisers Hyderabad,bat,Chennai Super Kings,1,1,0
419164,2010,2010,Dr DY Patil Sports Academy,Sunrisers Hyderabad,Royal Challengers Bangalore,Sunrisers Hyderabad,bat,Royal Challengers Bangalore,0,0,0
419165,2010,2010,Dr DY Patil Sports Academy,Chennai Super Kings,Chennai Super Kings,Mumbai Indians,bat,Chennai Super Kings,1,1,0
501198,2011,2011,"MA Chidambaram Stadium, Chepauk",Chennai Super Kings,Chennai Super Kings,Kolkata Knight Riders,bat,Chennai Super Kings,1,1,0
501199,2011,2011,"Rajiv Gandhi International Stadium, Uppal",Rajasthan Royals,Sunrisers Hyderabad,Rajasthan Royals,field,Rajasthan Royals,1,0,1
501200,2011,2011,Nehru Stadium,Kochi Tuskers Kerala,Kochi Tuskers Kerala,Royal Challengers Bangalore,bat,Royal Challengers Bangalore,0,0,0
501201,2011,2011,Feroz Shah Kotla,Delhi Capitals,Delhi Capitals,Mumbai Indians,bat,Mumbai Indians,0,0,0
501202,2011,2011,Dr DY Patil Sports Academy,Punjab Kings,Pune Warriors,Punjab Kings,bat,Pune Warriors,0,0,0
501203,2011,2011,Eden Gardens,Kolkata Knight Riders,Kolkata Knight Riders,Sunrisers Hyderabad,bat,Kolkata Knight Riders,1,1,0
501204,2011,2011,Sawai Mansingh Stadium,Delhi Capitals,Rajasthan Royals,Delhi Capitals,bat,Rajasthan Royals,0,0,0
501205,2011,2011,M Chinnaswamy Stadium,Mumbai Indians,Royal Challengers Bangalore,Mumbai Indians,field,Mumbai Indians,1,0,1
501206,2011,2011,"Punjab Cricket Association Stadium, Mohali",Punjab Kings,Punjab Kings,Chennai Super Kings,field,Punjab Kings,1,0,1
501207,2011,2011,Dr DY Patil Sports Academy,Kochi Tuskers Kerala,Pune Warriors,Kochi Tuskers Kerala,bat,Pune Warriors,0,0,0
501208,2011,2011,"Rajiv Gandhi International Stadium, Uppal",Royal Challengers Bangalore,Sunrisers Hyderabad,Royal Challengers Bangalore,field,Sunrisers Hyderabad,0,0,0
501209,2011,2011,Sawai Mansingh Stadium,Kolkata Knight Riders,Rajasthan Royals,Kolkata Knight Riders,field,Kolkata Knight Riders,1,0,1
501210,2011,2011,Wankhede Stadium,Kochi Tuskers Kerala,Mumbai Indians,Kochi Tuskers Kerala,field,Kochi Tuskers Kerala,1,0,1
501211,2011,2011,"MA Chidambaram Stadium, Chepauk",Chennai Super Kings,Chennai Super Kings,Royal Challengers Bangalore,bat,Chennai Super Kings,1,1,0
501212,2011,2011,"Rajiv Gandhi International Stadium, Uppal",Punjab Kings,Sunrisers Hyderabad,Punjab Kings,field,Punjab Kings,1,0,1
501213,2011,2011,Dr DY Patil Sports Academy,Delhi Capitals,Pune Warriors,Delhi Capitals,field,Delhi Capitals,1,0,1
501214,2011,2011,Eden Gardens,Kolkata Knight Riders,Kolkata Knight Riders,Rajasthan Royals,field,Kolkata Knight Riders,1,0,1
501215,2011,2011,Nehru Stadium,Kochi Tuskers Kerala,Kochi Tuskers Kerala,Chennai Super Kings,field,Kochi Tuskers Kerala,1,0,1
501216,2011,2011,Feroz Shah Kotla,Sunrisers Hyderabad,Delhi Capitals,Sunrisers Hyderabad,bat,Sunrisers Hyderabad,1,1,0
501218,2011,2011,Wankhede Stadium,Pune Warriors,Mumbai Indians,Pune Warriors,bat,Mumbai Indians,0,0,0
501219,2011,2011,Eden Gardens,Kolkata Knight Riders,Kolkata Knight Riders,Kochi Tuskers Kerala,field,Kochi Tuskers Kerala,0,0,0
501220,2011,2011,"Punjab Cricket Association Stadium, Mohali",Rajasthan Royals,Punjab Kings,Rajasthan Royals,field,Punjab Kings,0,0,0
501221,2011,2011,Wankhede Stadium,Chennai Super Kings,Mumbai Indians,Chennai Super Kings,field,Mumbai Indians,0,0,0
501222,2011,2011,Eden Gardens,Royal Challengers Bangalore,Kolkata Knight Riders,Royal Challengers Bangalore,field,Royal Challengers Bangalore,1,0,1
501223,2011,2011,Feroz Shah Kotla,Punjab Kings,Delhi Capitals,Punjab Kings,field,Delhi Capitals,0,0,0
501224,2011,2011,"Rajiv Gandhi International Stadium, Uppal",Sunrisers Hyderabad,Sunrisers Hyderabad,Mumbai Indians,field,Mumbai Indians,0,0,0
501225,2011,2011,Sawai Mansingh Stadium,Rajasthan Royals,Rajasthan Royals,Kochi Tuskers Kerala,field,Rajasthan Royals,1,0,1
501226,2011,2011,"MA Chidambaram Stadium, Chepauk",Pune Warriors,Chennai Super Kings,Pune Warriors,field,Chennai Super Kings,0,0,0
501227,2011,2011,Feroz Shah Kotla,Royal Challengers Bangalore,Delhi Capitals,Royal Challengers Bangalore,field,Royal Challengers Bangalore,1,0,1
501228,2011,2011,Dr DY Patil Sports Academy,Pune Warriors,Pune Warriors,Chennai Super Kings,bat,Chennai Super Kings,0,0,0
501229,2011,2011,Nehru Stadium,Kochi Tuskers Kerala,Kochi Tuskers Kerala,Sunrisers Hyderabad,field,Sunrisers Hyderabad,0,0,0
501230,2011,2011,Feroz Shah Kotla,Delhi Capitals,Delhi Capitals,Kolkata Knight Riders,field,Kolkata Knight Riders,0,0,0
501231,2011,2011,Sawai Mansingh Stadium,Rajasthan Royals,Rajasthan Royals,Mumbai Indians,field,Rajasthan Royals,1,0,1
501232,2011,2011,M Chinnaswamy Stadium,Pune Warriors,Royal Challengers Bangalore,Pune Warriors,field,Royal Challengers Bangalore,0,0,0
501233,2011,2011,Nehru Stadium,Delhi Capitals,Kochi Tuskers Kerala,Delhi Capitals,bat,Delhi Capitals,1,1,0
501234,2011,2011,Eden Gardens,Kolkata Knight Riders,Kolkata Knight Riders,Punjab Kings,field,Kolkata Knight Riders,1,0,1
501235,2011,2011,Sawai Mansingh Stadium,Rajasthan Royals,Rajasthan Royals,Pune Warriors,field,Rajasthan Royals,1,0,1
501236,2011,2011,"MA Chidambaram Stadium, Chepauk",Chennai Super Kings,Chennai Super Kings,Sunrisers Hyderabad,bat,Chennai Super Kings,1,1,0
501237,2011,2011,Wankhede Stadium,Punjab Kings,Mumbai Indians,Punjab Kings,field,Mumbai Indians,0,0,0
501238,2011,2011,Feroz Shah Kotla,Kochi Tuskers Kerala,Delhi Capitals,Kochi Tuskers Kerala,field,Kochi Tuskers Kerala,1,0,1
501239,2011,2011,"Rajiv Gandhi International Stadium, Uppal",Sunrisers Hyderabad,Sunrisers Hyderabad,Kolkata Knight Riders,field,Kolkata Knight Riders,0,0,0
501240,2011,2011,"MA Chidambaram Stadium, Chepauk",Rajasthan Royals,Chennai Super Kings,Rajasthan Royals,bat,Chennai Super Kings,0,0,0
501241,2011,2011,Dr DY Patil Sports Academy,Pune Warriors,Pune Warriors,Mumbai Indians,field,Mumbai Indians,0,0,0
501242,2011,2011,Nehru Stadium,Kolkata Knight Riders,Kochi Tuskers Kerala,Kolkata Knight Riders,field,Kochi Tuskers Kerala,0,0,0
501243,2011,2011,"Rajiv Gandhi International Stadium, Uppal",Delhi Capitals,Sunrisers Hyderabad,Delhi Capitals,field,Delhi Capitals,1,0,1
501244,2011,2011,M Chinnaswamy Stadium,Punjab Kings,Royal Challengers Bangalore,Punjab Kings,field,Royal Challengers Bangalore,0,0,0
501245,2011,2011,Eden Gardens,Chennai Super Kings,Kolkata Knight Riders,Chennai Super Kings,bat,Kolkata Knight Riders,0,0,0
501246,2011,2011,Wankhede Stadium,Delhi Capitals,Mumbai Indians,Delhi Capitals,field,Mumbai Indians,0,0,0
501247,2011,2011,M Chinnaswamy Stadium,Kochi Tuskers Kerala,Royal Challengers Bangalore,Kochi Tuskers Kerala,bat,Royal Challengers Bangalore,0,0,0
501248,2011,2011,"Punjab Cricket Association Stadium, Mohali",Punjab Kings,Punjab Kings,Pune Warriors,bat,Pune Warriors,0,0,0
501249,2011,2011,Sawai Mansingh Stadium,Rajasthan Royals,Rajasthan Royals,Chennai Super Kings,field,Chennai Super Kings,0,0,0
501250,2011,2011,"Rajiv Gandhi International Stadium, Uppal",Sunrisers Hyderabad,Sunrisers Hyderabad,Pune Warriors,bat,Pune Warriors,0,0,0
501251,2011,2011,"Punjab Cricket Association Stadium, Mohali",Mumbai Indians,Punjab Kings,Mumbai Indians,field,Punjab Kings,0,0,0
501252,2011,2011,Sawai Mansingh Stadium,Royal Challengers Bangalore,Rajasthan Royals,Royal Challengers Bangalore,field,Royal Challengers Bangalore,1,0,1
501253,2011,2011,"MA Chidambaram Stadium, Chepauk",Chennai Super Kings,Chennai Super Kings,Delhi Capitals,bat,Chennai Super Kings,1,1,0
501254,2011,2011,Holkar Cricket Stadium,Punjab Kings,Kochi Tuskers Kerala,Punjab Kings,field,Punjab Kings,1,0,1
501255,2011,2011,M Chinnaswamy Stadium,Royal Challengers Bangalore,Royal Challengers Bangalore,Kolkata Knight Riders,field,Royal Challengers Bangalore,1,0,1
501256,2011,2011,Wankhede Stadium,Sunrisers Hyderabad,Mumbai Indians,Sunrisers Hyderabad,bat,Sunrisers Hyderabad,1,1,0
501257,2011,2011,Himachal Pradesh Cricket Association Stadium,Delhi Capitals,Punjab Kings,Delhi Capitals,field,Punjab Kings,0,0,0
501258,2011,2011,Holkar Cricket Stadium,Kochi Tuskers Kerala,Kochi Tuskers Kerala,Rajasthan Royals,field,Kochi Tuskers Kerala,1,0,1
501259,2011,2011,Dr DY Patil Sports Academy,Sunrisers Hyderabad,Pune Warriors,Sunrisers Hyderabad,field,Sunrisers Hyderabad,1,0,1
501260,2011,2011,Himachal Pradesh Cricket Association Stadium,Punjab Kings,Punjab Kings,Royal Challengers Bangalore,bat,Punjab Kings,1,1,0
501261,2011,2011,"MA Chidambaram Stadium, Chepauk",Chennai Super Kings,Chennai Super Kings,Kochi Tuskers Kerala,bat,Chennai Super Kings,1,1,0
501262,2011,2011,Dr DY Patil Sports Academy,Kolkata Knight Riders,Pune Warriors,Kolkata Knight Riders,field,Kolkata Knight Riders,1,0,1
501263,2011,2011,Wankhede Stadium,Mumbai Indians,Mumbai Indians,Rajasthan Royals,bat,Rajasthan Royals,0,0,0
501264,2011,2011,Himachal Pradesh Cricket Association Stadium,Punjab Kings,Punjab Kings,Sunrisers Hyderabad,field,Sunrisers Hyderabad,0,0,0
501266,2011,2011,M Chinnaswamy Stadium,Royal Challengers Bangalore,Royal Challengers Bangalore,Chennai Super Kings,field,Royal Challengers Bangalore,1,0,1
501267,2011,2011,Eden Gardens,Mumbai Indians,Kolkata Knight Riders,Mumbai Indians,field,Mumbai Indians,1,0,1
501268,2011,2011,Wankhede Stadium,Chennai Super Kings,Royal Challengers Bangalore,Chennai Super Kings,field,Chennai Super Kings,1,0,1
501269,2011,2011,Wankhede Stadium,Mumbai Indians,Mumbai Indians,Kolkata Knight Riders,field,Mumbai Indians,1,0,1
501270,2011,2011,"MA Chidambaram Stadium, Chepauk",Mumbai Indians,Royal Challengers Bangalore,Mumbai Indians,field,Royal Challengers Bangalore,0,0,0
501271,2011,2011,"MA Chidambaram Stadium, Chepauk",Chennai Super Kings,Chennai Super Kings,Royal Challengers Bangalore,bat,Chennai Super Kings,1,1,0
548306,2012,2012,"MA Chidambaram Stadium, Chepauk",Mumbai Indians,Chennai Super Kings,Mumbai Indians,field,Mumbai Indians,1,0,1
548307,2012,2012,Eden Gardens,Delhi Capitals,Kolkata Knight Riders,Delhi Capitals,field,Delhi Capitals,1,0,1
548308,2012,2012,Wankhede Stadium,Mumbai Indians,Mumbai Indians,Pune Warriors,field,Pune Warriors,0,0,0
548309,2012,2012,Sawai Mansingh Stadium,Punjab Kings,Rajasthan Royals,Punjab Kings,field,Rajasthan Royals,0,0,0
548310,2012,2012,M Chinnaswamy Stadium,Delhi Capitals,Royal Challengers Bangalore,Delhi Capitals,field,Royal Challengers Bangalore,0,0,0
548311,2012,2012,Dr. Y.S. Rajasekhara Reddy ACA-VDCA Cricket Stadium,Sunrisers Hyderabad,Sunrisers Hyderabad,Chennai Super Kings,field,Chennai Super Kings,0,0,0
548312,2012,2012,Sawai Mansingh Stadium,Kolkata Knight Riders,Rajasthan Royals,Kolkata Knight Riders,field,Rajasthan Royals,0,0,0
548313,2012,2012,Subrata Roy Sahara Stadium,Pune Warriors,Pune Warriors,Punjab Kings,bat,Pune Warriors,1,1,0
548314,2012,2012,Dr. Y.S. Rajasekhara Reddy ACA-VDCA Cricket Stadium,Sunrisers Hyderabad,Sunrisers Hyderabad,Mumbai Indians,bat,Mumbai Indians,0,0,0
548315,2012,2012,M Chinnaswamy Stadium,Royal Challengers Bangalore,Royal Challengers Bangalore,Kolkata Knight Riders,field,Kolkata Knight Riders,0,0,0
548316,2012,2012,Feroz Shah Kotla,Delhi Capitals,Delhi Capitals,Chennai Super Kings,field,Delhi Capitals,1,0,1
548317,2012,2012,Wankhede Stadium,Rajasthan Royals,Mumbai Indians,Rajasthan Royals,field,Mumbai Indians,0,0,0
548318,2012,2012,"MA Chidambaram Stadium, Chepauk",Royal Challengers Bangalore,Chennai Super Kings,Royal Challengers Bangalore,bat,Chennai Super Kings,0,0,0
548319,2012,2012,"Punjab Cricket Association Stadium, Mohali",Punjab Kings,Punjab Kings,Pune Warriors,field,Punjab Kings,1,0,1
548320,2012,2012,Eden Gardens,Rajasthan Royals,Kolkata Knight Riders,Rajasthan Royals,bat,Kolkata Knight Riders,0,0,0
548321,2012,2012,Feroz Shah Kotla,Sunrisers Hyderabad,Delhi Capitals,Sunrisers Hyderabad,bat,Delhi Capitals,0,0,0
548322,2012,2012,Subrata Roy Sahara Stadium,Chennai Super Kings,Pune Warriors,Chennai Super Kings,bat,Pune Warriors,0,0,0
548323,2012,2012,Eden Gardens,Kolkata Knight Riders,Kolkata Knight Riders,Punjab Kings,field,Punjab Kings,0,0,0
548324,2012,2012,M Chinnaswamy Stadium,Rajasthan Royals,Royal Challengers Bangalore,Rajasthan Royals,bat,Rajasthan Royals,1,1,0
548325,2012,2012,Wankhede Stadium,Delhi Capitals,Mumbai Indians,Delhi Capitals,field,Delhi Capitals,1,0,1
548326,2012,2012,Sawai Mansingh Stadium,Sunrisers Hyderabad,Rajasthan Royals,Sunrisers Hyderabad,bat,Rajasthan Royals,0,0,0
548327,2012,2012,M Chinnaswamy Stadium,Pune Warriors,Royal Challengers Bangalore,Pune Warriors,bat,Royal Challengers Bangalore,0,0,0
548328,2012,2012,"Punjab Cricket Association Stadium, Mohali",Punjab Kings,Punjab Kings,Kolkata Knight Riders,bat,Kolkata Knight Riders,0,0,0
548329,2012,2012,"Rajiv Gandhi International Stadium, Uppal",Sunrisers Hyderabad,Sunrisers Hyderabad,Delhi Capitals,bat,Delhi Capitals,0,0,0
548330,2012,2012,"MA Chidambaram Stadium, Chepauk",Pune Warriors,Chennai Super Kings,Pune Warriors,field,Chennai Super Kings,0,0,0
548331,2012,2012,"Punjab Cricket Association Stadium, Mohali",Royal Challengers Bangalore,Punjab Kings,Royal Challengers Bangalore,field,Royal Challengers Bangalore,1,0,1
548332,2012,2012,"MA Chidambaram Stadium, Chepauk",Rajasthan Royals,Chennai Super Kings,Rajasthan Royals,bat,Chennai Super Kings,0,0,0
548333,2012,2012,Feroz Shah Kotla,Delhi Capitals,Delhi Capitals,Pune Warriors,field,Pune Warriors,0,0,0
548334,2012,2012,Wankhede Stadium,Mumbai Indians,Mumbai Indians,Punjab Kings,bat,Punjab Kings,0,0,0
548335,2012,2012,Barabati Stadium,Kolkata Knight Riders,Sunrisers Hyderabad,Kolkata Knight Riders,field,Kolkata Knight Riders,1,0,1
548336,2012,2012,Sawai Mansingh Stadium,Rajasthan Royals,Rajasthan Royals,Royal Challengers Bangalore,field,Royal Challengers Bangalore,0,0,0
548337,2012,2012,Subrata Roy Sahara Stadium,Pune Warriors,Pune Warriors,Delhi Capitals,bat,Delhi Capitals,0,0,0
548339,2012,2012,"Punjab Cricket Association Stadium, Mohali",Punjab Kings,Punjab Kings,Mumbai Indians,bat,Mumbai Indians,0,0,0
548341,2012,2012,Subrata Roy Sahara Stadium,Sunrisers Hyderabad,Pune Warriors,Sunrisers Hyderabad,bat,Sunrisers Hyderabad,1,1,0
548342,2012,2012,Feroz Shah Kotla,Mumbai Indians,Delhi Capitals,Mumbai Indians,field,Delhi Capitals,0,0,0
548343,2012,2012,"MA Chidambaram Stadium, Chepauk",Punjab Kings,Chennai Super Kings,Punjab Kings,bat,Punjab Kings,1,1,0
548344,2012,2012,Eden Gardens,Kolkata Knight Riders,Kolkata Knight Riders,Royal Challengers Bangalore,bat,Kolkata Knight Riders,1,1,0
548345,2012,2012,Feroz Shah Kotla,Delhi Capitals,Delhi Capitals,Rajasthan Royals,bat,Delhi Capitals,1,1,0
548346,2012,2012,Wankhede Stadium,Mumbai Indians,Mumbai Indians,Sunrisers Hyderabad,field,Mumbai Indians,1,0,1
548347,2012,2012,"MA Chidambaram Stadium, Chepauk",Chennai Super Kings,Chennai Super Kings,Kolkata Knight Riders,bat,Kolkata Knight Riders,0,0,0
548348,2012,2012,Barabati Stadium,Sunrisers Hyderabad,Sunrisers Hyderabad,Pune Warriors,bat,Sunrisers Hyderabad,1,1,0
548349,2012,2012,Sawai Mansingh Stadium,Rajasthan Royals,Rajasthan Royals,Delhi Capitals,bat,Delhi Capitals,0,0,0
548350,2012,2012,M Chinnaswamy Stadium,Punjab Kings,Royal Challengers Bangalore,Punjab Kings,field,Punjab Kings,1,0,1
548351,2012,2012,Subrata Roy Sahara Stadium,Mumbai Indians,Pune Warriors,Mumbai Indians,bat,Mumbai Indians,1,1,0
548352,2012,2012,"MA Chidambaram Stadium, Chepauk",Chennai Super Kings,Chennai Super Kings,Sunrisers Hyderabad,bat,Chennai Super Kings,1,1,0
548353,2012,2012,Eden Gardens,Kolkata Knight Riders,Kolkata Knight Riders,Pune Warriors,bat,Kolkata Knight Riders,1,1,0
548354,2012,2012,"Punjab Cricket Association Stadium, Mohali",Rajasthan Royals,Punjab Kings,Rajasthan Royals,bat,Rajasthan Royals,1,1,0
548355,2012,2012,Wankhede Stadium,Mumbai Indians,Mumbai Indians,Chennai Super Kings,field,Mumbai Indians,1,0,1
548356,2012,2012,M Chinnaswamy Stadium,Royal Challengers Bangalore,Royal Challengers Bangalore,Sunrisers Hyderabad,field,Royal Challengers Bangalore,1,0,1
548357,2012,2012,Feroz Shah Kotla,Delhi Capitals,Delhi Capitals,Kolkata Knight Riders,bat,Kolkata Knight Riders,0,0,0
548358,2012,2012,Subrata Roy Sahara Stadium,Pune Warriors,Pune Warriors,Rajasthan Royals,bat,Rajasthan Royals,0,0,0
548359,2012,2012,"Rajiv Gandhi International Stadium, Uppal",Sunrisers Hyderabad,Sunrisers Hyderabad,Punjab Kings,field,Punjab Kings,0,0,0
548360,2012,2012,Wankhede Stadium,Royal Challengers Bangalore,Mumbai Indians,Royal Challengers Bangalore,field,Royal Challengers Bangalore,1,0,1
548361,2012,2012,Sawai Mansingh Stadium,Chennai Super Kings,Rajasthan Royals,Chennai Super Kings,field,Chennai Super Kings,1,0,1
548362,2012,2012,Subrata Roy Sahara Stadium,Pune Warriors,Pune Warriors,Royal Challengers Bangalore,field,Royal Challengers Bangalore,0,0,0
548363,2012,2012,Eden Gardens,Mumbai Indians,Kolkata Knight Riders,Mumbai Indians,bat,Mumbai Indians,1,1,0
548364,2012,2012,"MA Chidambaram Stadium, Chepauk",Chennai Super Kings,Chennai Super Kings,Delhi Capitals,field,Chennai Super Kings,1,0,1
548365,2012,2012,Sawai Mansingh Stadium,Rajasthan Royals,Rajasthan Royals,Pune Warriors,bat,Rajasthan Royals,1,1,0
548366,2012,2012,"Punjab Cricket Association Stadium, Mohali",Sunrisers Hyderabad,Punjab Kings,Sunrisers Hyderabad,bat,Punjab Kings,0,0,0
548367,2012,2012,M Chinnaswamy Stadium,Mumbai Indians,Royal Challengers Bangalore,Mumbai Indians,field,Mumbai Indians,1,0,1
548368,2012,2012,Eden Gardens,Chennai Super Kings,Kolkata Knight Riders,Chennai Super Kings,field,Chennai Super Kings,1,0,1
548369,2012,2012,Feroz Shah Kotla,Punjab Kings,Delhi Capitals,Punjab Kings,bat,Delhi Capitals,0,0,0
548370,2012,2012,Wankhede Stadium,Mumbai Indians,Mumbai Indians,Kolkata Knight Riders,field,Kolkata Knight Riders,0,0,0
548371,2012,2012,Himachal Pradesh Cricket Association Stadium,Punjab Kings,Punjab Kings,Chennai Super Kings,field,Punjab Kings,1,0,1
548372,2012,2012,Feroz Shah Kotla,Delhi Capitals,Delhi Capitals,Royal Challengers Bangalore,field,Royal Challengers Bangalore,0,0,0
548373,2012,2012,"Rajiv Gandhi International Stadium, Uppal",Rajasthan Royals,Sunrisers Hyderabad,Rajasthan Royals,bat,Sunrisers Hyderabad,0,0,0
548374,2012,2012,Himachal Pradesh Cricket Association Stadium,Delhi Capitals,Punjab Kings,Delhi Capitals,field,Delhi Capitals,1,0,1
548375,2012,2012,Subrata Roy Sahara Stadium,Kolkata Knight Riders,Pune Warriors,Kolkata Knight Riders,bat,Kolkata Knight Riders,1,1,0
548376,2012,2012,"Rajiv Gandhi International Stadium, Uppal",Royal Challengers Bangalore,Sunrisers Hyderabad,Royal Challengers Bangalore,field,Sunrisers Hyderabad,0,0,0
548377,2012,2012,Sawai Mansingh Stadium,Rajasthan Royals,Rajasthan Royals,Mumbai Indians,bat,Mumbai Indians,0,0,0
548378,2012,2012,Subrata Roy Sahara Stadium,Kolkata Knight Riders,Delhi Capitals,Kolkata Knight Riders,bat,Kolkata Knight Riders,1,1,0
548379,2012,2012,M Chinnaswamy Stadium,Mumbai Indians,Chennai Super Kings,Mumbai Indians,field,Chennai Super Kings,0,0,0
548380,2012,2012,"MA Chidambaram Stadium, Chepauk",Delhi Capitals,Delhi Capitals,Chennai Super Kings,field,Chennai Super Kings,0,0,0
548381,2012,2012,"MA Chidambaram Stadium, Chepauk",Chennai Super Kings,Kolkata Knight Riders,Chennai Super Kings,bat,Kolkata Knight Riders,0,0,0
597998,2013,2013,Eden Gardens,Kolkata Knight Riders,Kolkata Knight Riders,Delhi Capitals,field,Kolkata Knight Riders,1,0,1
597999,2013,2013,M Chinnaswamy Stadium,Mumbai Indians,Royal Challengers Bangalore,Mumbai Indians,field,Royal Challengers Bangalore,0,0,0
598000,2013,2013,"Rajiv Gandhi International Stadium, Uppal",Pune Warriors,Sunrisers Hyderabad,Pune Warriors,field,Sunrisers Hyderabad,0,0,0
598001,2013,2013,Feroz Shah Kotla,Rajasthan Royals,Delhi Capitals,Rajasthan Royals,bat,Rajasthan Royals,1,1,0
598002,2013,2013,"MA Chidambaram Stadium, Chepauk",Mumbai Indians,Chennai Super Kings,Mumbai Indians,bat,Mumbai Indians,1,1,0
598003,2013,2013,Subrata Roy Sahara Stadium,Pune Warriors,Pune Warriors,Punjab Kings,bat,Punjab Kings,0,0,0
598004,2013,2013,"Rajiv Gandhi International Stadium, Uppal",Royal Challengers Bangalore,Sunrisers Hyderabad,Royal Challengers Bangalore,bat,Royal Challengers Bangalore,1,1,0
598005,2013,2013,Sawai Mansingh Stadium,Kolkata Knight Riders,Rajasthan Royals,Kolkata Knight Riders,field,Rajasthan Royals,0,0,0
598006,2013,2013,Wankhede Stadium,Mumbai Indians,Mumbai Indians,Delhi Capitals,bat,Mumbai Indians,1,1,0
598007,2013,2013,"Punjab Cricket Association Stadium, Mohali",Chennai Super Kings,Punjab Kings,Chennai Super Kings,field,Chennai Super Kings,1,0,1
598008,2013,2013,M Chinnaswamy Stadium,Royal Challengers Bangalore,Royal Challengers Bangalore,Kolkata Knight Riders,field,Royal Challengers Bangalore,1,0,1
598009,2013,2013,Subrata Roy Sahara Stadium,Rajasthan Royals,Pune Warriors,Rajasthan Royals,bat,Pune Warriors,0,0,0
598010,2013,2013,Feroz Shah Kotla,Delhi Capitals,Delhi Capitals,Sunrisers Hyderabad,bat,Sunrisers Hyderabad,0,0,0
598011,2013,2013,Wankhede Stadium,Mumbai Indians,Mumbai Indians,Pune Warriors,bat,Mumbai Indians,1,1,0
598012,2013,2013,"MA Chidambaram Stadium, Chepauk",Chennai Super Kings,Chennai Super Kings,Royal Challengers Bangalore,field,Chennai Super Kings,1,0,1
598013,2013,2013,Eden Gardens,Kolkata Knight Riders,Kolkata Knight Riders,Sunrisers Hyderabad,bat,Kolkata Knight Riders,1,1,0
598014,2013,2013,Sawai Mansingh Stadium,Rajasthan Royals,Rajasthan Royals,Punjab Kings,field,Rajasthan Royals,1,0,1
598015,2013,2013,"MA Chidambaram Stadium, Chepauk",Pune Warriors,Chennai Super Kings,Pune Warriors,bat,Pune Warriors,1,1,0
598016,2013,2013,"Punjab Cricket Association Stadium, Mohali",Kolkata Knight Riders,Punjab Kings,Kolkata Knight Riders,field,Punjab Kings,0,0,0
598017,2013,2013,M Chinnaswamy Stadium,Royal Challengers Bangalore,Royal Challengers Bangalore,Delhi Capitals,field,Delhi Capitals,0,0,0
598018,2013,2013,Maharashtra Cricket Association Stadium,Pune Warriors,Pune Warriors,Sunrisers Hyderabad,field,Sunrisers Hyderabad,0,0,0
598019,2013,2013,Sawai Mansingh Stadium,Rajasthan Royals,Rajasthan Royals,Mumbai Indians,bat,Rajasthan Royals,1,1,0
598020,2013,2013,Feroz Shah Kotla,Chennai Super Kings,Delhi Capitals,Chennai Super Kings,bat,Chennai Super Kings,1,1,0
598021,2013,2013,"Rajiv Gandhi International Stadium, Uppal",Punjab Kings,Sunrisers Hyderabad,Punjab Kings,bat,Sunrisers Hyderabad,0,0,0
598022,2013,2013,Eden Gardens,Kolkata Knight Riders,Kolkata Knight Riders,Chennai Super Kings,bat,Chennai Super Kings,0,0,0
598023,2013,2013,M Chinnaswamy Stadium,Royal Challengers Bangalore,Royal Challengers Bangalore,Rajasthan Royals,field,Royal Challengers Bangalore,1,0,1
598024,2013,2013,Feroz Shah Kotla,Mumbai Indians,Delhi Capitals,Mumbai Indians,bat,Delhi Capitals,0,0,0
598025,2013,2013,"Punjab Cricket Association Stadium, Mohali",Punjab Kings,Punjab Kings,Pune Warriors,field,Punjab Kings,1,0,1
598026,2013,2013,"MA Chidambaram Stadium, Chepauk",Rajasthan Royals,Chennai Super Kings,Rajasthan Royals,bat,Chennai Super Kings,0,0,0
598027,2013,2013,M Chinnaswamy Stadium,Pune Warriors,Royal Challengers Bangalore,Pune Warriors,field,Royal Challengers Bangalore,0,0,0
598028,2013,2013,Himachal Pradesh Cricket Association Stadium,Delhi Capitals,Punjab Kings,Delhi Capitals,field,Punjab Kings,0,0,0
598029,2013,2013,Eden Gardens,Kolkata Knight Riders,Kolkata Knight Riders,Mumbai Indians,bat,Mumbai Indians,0,0,0
598030,2013,2013,"MA Chidambaram Stadium, Chepauk",Sunrisers Hyderabad,Chennai Super Kings,Sunrisers Hyderabad,bat,Chennai Super Kings,0,0,0
598031,2013,2013,Eden Gardens,Punjab Kings,Kolkata Knight Riders,Punjab Kings,bat,Kolkata Knight Riders,0,0,0
598032,2013,2013,Sawai Mansingh Stadium,Sunrisers Hyderabad,Rajasthan Royals,Sunrisers Hyderabad,bat,Rajasthan Royals,0,0,0
598033,2013,2013,Wankhede Stadium,Mumbai Indians,Mumbai Indians,Royal Challengers Bangalore,bat,Mumbai Indians,1,1,0
598034,2013,2013,"MA Chidambaram Stadium, Chepauk",Kolkata Knight Riders,Chennai Super Kings,Kolkata Knight Riders,field,Chennai Super Kings,0,0,0
598035,2013,2013,Shaheed Veer Narayan Singh International Stadium,Pune Warriors,Delhi Capitals,Pune Warriors,field,Delhi Capitals,0,0,0
598036,2013,2013,Sawai Mansingh Stadium,Rajasthan Royals,Rajasthan Royals,Royal Challengers Bangalore,field,Rajasthan Royals,1,0,1
598037,2013,2013,Wankhede Stadium,Mumbai Indians,Mumbai Indians,Punjab Kings,bat,Mumbai Indians,1,1,0
598038,2013,2013,Subrata Roy Sahara Stadium,Chennai Super Kings,Pune Warriors,Chennai Super Kings,bat,Chennai Super Kings,1,1,0
598039,2013,2013,"Rajiv Gandhi International Stadium, Uppal",Mumbai Indians,Sunrisers Hyderabad,Mumbai Indians,bat,Sunrisers Hyderabad,0,0,0
598040,2013,2013,Shaheed Veer Narayan Singh International Stadium,Kolkata Knight Riders,Delhi Capitals,Kolkata Knight Riders,bat,Delhi Capitals,0,0,0
598041,2013,2013,"MA Chidambaram Stadium, Chepauk",Chennai Super Kings,Chennai Super Kings,Punjab Kings,bat,Chennai Super Kings,1,1,0
598042,2013,2013,Subrata Roy Sahara Stadium,Royal Challengers Bangalore,Pune Warriors,Royal Challengers Bangalore,bat,Royal Challengers Bangalore,1,1,0
598043,2013,2013,Eden Gardens,Rajasthan Royals,Kolkata Knight Riders,Rajasthan Royals,bat,Kolkata Knight Riders,0,0,0
598044,2013,2013,"Rajiv Gandhi International Stadium, Uppal",Delhi Capitals,Sunrisers Hyderabad,Delhi Capitals,bat,Sunrisers Hyderabad,0,0,0
598045,2013,2013,M Chinnaswamy Stadium,Punjab Kings,Royal Challengers Bangalore,Punjab Kings,field,Punjab Kings,1,0,1
598046,2013,2013,Wankhede Stadium,Mumbai Indians,Mumbai Indians,Chennai Super Kings,bat,Mumbai Indians,1,1,0
598047,2013,2013,Sawai Mansingh Stadium,Pune Warriors,Rajasthan Royals,Pune Warriors,bat,Rajasthan Royals,0,0,0
598048,2013,2013,M Chinnaswamy Stadium,Sunrisers Hyderabad,Royal Challengers Bangalore,Sunrisers Hyderabad,bat,Royal Challengers Bangalore,0,0,0
598049,2013,2013,Sawai Mansingh Stadium,Delhi Capitals,Rajasthan Royals,Delhi Capitals,bat,Rajasthan Royals,0,0,0
598050,2013,2013,Wankhede Stadium,Mumbai Indians,Mumbai Indians,Kolkata Knight Riders,bat,Mumbai Indians,1,1,0
598051,2013,2013,"Rajiv Gandhi International Stadium, Uppal",Sunrisers Hyderabad,Sunrisers Hyderabad,Chennai Super Kings,field,Chennai Super Kings,0,0,0
598052,2013,2013,"Punjab Cricket Association Stadium, Mohali",Rajasthan Royals,Punjab Kings,Rajasthan Royals,field,Rajasthan Royals,1,0,1
598053,2013,2013,Subrata Roy Sahara Stadium,Kolkata Knight Riders,Pune Warriors,Kolkata Knight Riders,bat,Kolkata Knight Riders,1,1,0
598054,2013,2013,Feroz Shah Kotla,Delhi Capitals,Delhi Capitals,Royal Challengers Bangalore,field,Royal Challengers Bangalore,0,0,0
598055,2013,2013,Subrata Roy Sahara Stadium,Pune Warriors,Pune Warriors,Mumbai Indians,bat,Mumbai Indians,0,0,0
598056,2013,2013,"Punjab Cricket Association Stadium, Mohali",Punjab Kings,Punjab Kings,Sunrisers Hyderabad,field,Sunrisers Hyderabad,0,0,0
598057,2013,2013,JSCA International Stadium Complex,Kolkata Knight Riders,Kolkata Knight Riders,Royal Challengers Bangalore,field,Kolkata Knight Riders,1,0,1
598058,2013,2013,Sawai Mansingh Stadium,Rajasthan Royals,Rajasthan Royals,Chennai Super Kings,field,Rajasthan Royals,1,0,1
598059,2013,2013,Feroz Shah Kotla,Punjab Kings,Delhi Capitals,Punjab Kings,field,Punjab Kings,1,0,1
598060,2013,2013,Wankhede Stadium,Sunrisers Hyderabad,Mumbai Indians,Sunrisers Hyderabad,bat,Mumbai Indians,0,0,0
598061,2013,2013,JSCA International Stadium Complex,Kolkata Knight Riders,Kolkata Knight Riders,Pune Warriors,field,Pune Warriors,0,0,0
598062,2013,2013,"MA Chidambaram Stadium, Chepauk",Chennai Super Kings,Chennai Super Kings,Delhi Capitals,bat,Chennai Super Kings,1,1,0
598063,2013,2013,Wankhede Stadium,Rajasthan Royals,Mumbai Indians,Rajasthan Royals,field,Mumbai Indians,0,0,0
598064,2013,2013,"Punjab Cricket Association Stadium, Mohali",Punjab Kings,Punjab Kings,Royal Challengers Bangalore,field,Punjab Kings,1,0,1
598065,2013,2013,"Rajiv Gandhi International Stadium, Uppal",Sunrisers Hyderabad,Sunrisers Hyderabad,Rajasthan Royals,bat,Sunrisers Hyderabad,1,1,0
598066,2013,2013,Himachal Pradesh Cricket Association Stadium,Mumbai Indians,Punjab Kings,Mumbai Indians,field,Punjab Kings,0,0,0
598067,2013,2013,Subrata Roy Sahara Stadium,Pune Warriors,Pune Warriors,Delhi Capitals,bat,Pune Warriors,1,1,0
598068,2013,2013,M Chinnaswamy Stadium,Chennai Super Kings,Royal Challengers Bangalore,Chennai Super Kings,field,Royal Challengers Bangalore,0,0,0
598069,2013,2013,"Rajiv Gandhi International Stadium, Uppal",Kolkata Knight Riders,Sunrisers Hyderabad,Kolkata Knight Riders,bat,Sunrisers Hyderabad,0,0,0
598070,2013,2013,Feroz Shah Kotla,Chennai Super Kings,Chennai Super Kings,Mumbai Indians,bat,Chennai Super Kings,1,1,0
598071,2013,2013,Feroz Shah Kotla,Sunrisers Hyderabad,Rajasthan Royals,Sunrisers Hyderabad,bat,Rajasthan Royals,0,0,0
598072,2013,2013,Eden Gardens,Rajasthan Royals,Mumbai Indians,Rajasthan Royals,bat,Mumbai Indians,0,0,0
598073,2013,2013,Eden Gardens,Mumbai Indians,Chennai Super Kings,Mumbai Indians,bat,Mumbai Indians,1,1,0
729279,2014,2014,Sheikh Zayed Stadium,Kolkata Knight Riders,Mumbai Indians,Kolkata Knight Riders,bat,Kolkata Knight Riders,1,1,0
729281,2014,2014,Sharjah Cricket Stadium,Royal Challengers Bangalore,Delhi Capitals,Royal Challengers Bangalore,field,Royal Challengers Bangalore,1,0,1
729283,2014,2014,Sheikh Zayed Stadium,Chennai Super Kings,Chennai Super Kings,Punjab Kings,bat,Punjab Kings,0,0,0
729285,2014,2014,Sheikh Zayed Stadium,Rajasthan Royals,Sunrisers Hyderabad,Rajasthan Royals,field,Rajasthan Royals,1,0,1
729287,2014,2014,Dubai International Cricket Stadium,Royal Challengers Bangalore,Royal Challengers Bangalore,Mumbai Indians,field,Royal Challengers Bangalore,1,0,1
729289,2014,2014,Dubai International Cricket Stadium,Kolkata Knight Riders,Kolkata Knight Riders,Delhi Capitals,bat,Delhi Capitals,0,0,0
729291,2014,2014,Sharjah Cricket Stadium,Punjab Kings,Rajasthan Royals,Punjab Kings,field,Punjab Kings,1,0,1
729293,2014,2014,Sheikh Zayed Stadium,Chennai Super Kings,Chennai Super Kings,Delhi Capitals,bat,Chennai Super Kings,1,1,0
729295,2014,2014,Sharjah Cricket Stadium,Sunrisers Hyderabad,Punjab Kings,Sunrisers Hyderabad,field,Punjab Kings,0,0,0
729297,2014,2014,Dubai International Cricket Stadium,Rajasthan Royals,Rajasthan Royals,Chennai Super Kings,field,Chennai Super Kings,0,0,0
729299,2014,2014,Sharjah Cricket Stadium,Royal Challengers Bangalore,Royal Challengers Bangalore,Kolkata Knight Riders,field,Kolkata Knight Riders,0,0,0
729301,2014,2014,Dubai International Cricket Stadium,Sunrisers Hyderabad,Sunrisers Hyderabad,Delhi Capitals,bat,Sunrisers Hyderabad,1,1,0
729303,2014,2014,Dubai International Cricket Stadium,Mumbai Indians,Chennai Super Kings,Mumbai Indians,bat,Chennai Super Kings,0,0,0
729305,2014,2014,Sheikh Zayed Stadium,Rajasthan Royals,Rajasthan Royals,Royal Challengers Bangalore,field,Rajasthan Royals,1,0,1
729307,2014,2014,Sheikh Zayed Stadium,Kolkata Knight Riders,Kolkata Knight Riders,Punjab Kings,field,Punjab Kings,0,0,0
729309,2014,2014,Sharjah Cricket Stadium,Mumbai Indians,Delhi Capitals,Mumbai Indians,bat,Delhi Capitals,0,0,0
729311,2014,2014,Sharjah Cricket Stadium,Sunrisers Hyderabad,Sunrisers Hyderabad,Chennai Super Kings,bat,Chennai Super Kings,0,0,0
729313,2014,2014,Dubai International Cricket Stadium,Punjab Kings,Punjab Kings,Royal Challengers Bangalore,field,Punjab Kings,1,0,1
729315,2014,2014,Sheikh Zayed Stadium,Rajasthan Royals,Kolkata Knight Riders,Rajasthan Royals,bat,Rajasthan Royals,1,1,0
729317,2014,2014,Dubai International Cricket Stadium,Mumbai Indians,Mumbai Indians,Sunrisers Hyderabad,field,Sunrisers Hyderabad,0,0,0
733971,2014,2014,JSCA International Stadium Complex,Chennai Super Kings,Chennai Super Kings,Kolkata Knight Riders,bat,Chennai Super Kings,1,1,0
733973,2014,2014,Wankhede Stadium,Punjab Kings,Mumbai Indians,Punjab Kings,bat,Mumbai Indians,0,0,0
733975,2014,2014,Feroz Shah Kotla,Rajasthan Royals,Delhi Capitals,Rajasthan Royals,field,Rajasthan Royals,1,0,1
733977,2014,2014,M Chinnaswamy Stadium,Royal Challengers Bangalore,Royal Challengers Bangalore,Sunrisers Hyderabad,field,Royal Challengers Bangalore,1,0,1
733979,2014,2014,"Sardar Patel Stadium, Motera",Kolkata Knight Riders,Rajasthan Royals,Kolkata Knight Riders,field,Rajasthan Royals,0,0,0
733981,2014,2014,Feroz Shah Kotla,Chennai Super Kings,Delhi Capitals,Chennai Super Kings,field,Chennai Super Kings,1,0,1
733983,2014,2014,Wankhede Stadium,Royal Challengers Bangalore,Mumbai Indians,Royal Challengers Bangalore,field,Mumbai Indians,0,0,0
733985,2014,2014,Feroz Shah Kotla,Delhi Capitals,Delhi Capitals,Kolkata Knight Riders,bat,Kolkata Knight Riders,0,0,0
733987,2014,2014,Barabati Stadium,Chennai Super Kings,Punjab Kings,Chennai Super Kings,field,Punjab Kings,0,0,0
733989,2014,2014,"Sardar Patel Stadium, Motera",Rajasthan Royals,Rajasthan Royals,Sunrisers Hyderabad,field,Sunrisers Hyderabad,0,0,0
733991,2014,2014,M Chinnaswamy Stadium,Royal Challengers Bangalore,Royal Challengers Bangalore,Punjab Kings,field,Punjab Kings,0,0,0
733993,2014,2014,Feroz Shah Kotla,Sunrisers Hyderabad,Delhi Capitals,Sunrisers Hyderabad,field,Sunrisers Hyderabad,1,0,1
733995,2014,2014,Wankhede Stadium,Chennai Super Kings,Mumbai Indians,Chennai Super Kings,field,Chennai Super Kings,1,0,1
733997,2014,2014,Barabati Stadium,Kolkata Knight Riders,Punjab Kings,Kolkata Knight Riders,field,Kolkata Knight Riders,1,0,1
733999,2014,2014,M Chinnaswamy Stadium,Royal Challengers Bangalore,Royal Challengers Bangalore,Rajasthan Royals,bat,Rajasthan Royals,0,0,0
734001,2014,2014,"Rajiv Gandhi International Stadium, Uppal",Sunrisers Hyderabad,Sunrisers Hyderabad,Mumbai Indians,bat,Mumbai Indians,0,0,0
734003,2014,2014,JSCA International Stadium Complex,Rajasthan Royals,Chennai Super Kings,Rajasthan Royals,bat,Chennai Super Kings,0,0,0
734005,2014,2014,M Chinnaswamy Stadium,Delhi Capitals,Royal Challengers Bangalore,Delhi Capitals,field,Royal Challengers Bangalore,0,0,0
734007,2014,2014,"Rajiv Gandhi International Stadium, Uppal",Punjab Kings,Sunrisers Hyderabad,Punjab Kings,field,Punjab Kings,1,0,1
734009,2014,2014,Barabati Stadium,Kolkata Knight Riders,Kolkata Knight Riders,Mumbai Indians,field,Kolkata Knight Riders,1,0,1
734011,2014,2014,"Sardar Patel Stadium, Motera",Delhi Capitals,Rajasthan Royals,Delhi Capitals,field,Rajasthan Royals,0,0,0
734013,2014,2014,JSCA International Stadium Complex,Chennai Super Kings,Chennai Super Kings,Royal Challengers Bangalore,bat,Royal Challengers Bangalore,0,0,0
734015,2014,2014,"Rajiv Gandhi International Stadium, Uppal",Sunrisers Hyderabad,Sunrisers Hyderabad,Kolkata Knight Riders,bat,Kolkata Knight Riders,0,0,0
734017,2014,2014,"Sardar Patel Stadium, Motera",Mumbai Indians,Rajasthan Royals,Mumbai Indians,bat,Mumbai Indians,1,1,0
734019,2014,2014,Feroz Shah Kotla,Punjab Kings,Delhi Capitals,Punjab Kings,field,Punjab Kings,1,0,1
734021,2014,2014,"Rajiv Gandhi International Stadium, Uppal",Royal Challengers Bangalore,Sunrisers Hyderabad,Royal Challengers Bangalore,bat,Sunrisers Hyderabad,0,0,0
734023,2014,2014,Eden Gardens,Kolkata Knight Riders,Kolkata Knight Riders,Chennai Super Kings,field,Kolkata Knight Riders,1,0,1
734025,2014,2014,"Punjab Cricket Association Stadium, Mohali",Mumbai Indians,Punjab Kings,Mumbai Indians,field,Mumbai Indians,1,0,1
734027,2014,2014,Eden Gardens,Royal Challengers Bangalore,Kolkata Knight Riders,Royal Challengers Bangalore,field,Kolkata Knight Riders,0,0,0
734029,2014,2014,JSCA International Stadium Complex,Sunrisers Hyderabad,Chennai Super Kings,Sunrisers Hyderabad,field,Sunrisers Hyderabad,1,0,1
734031,2014,2014,Wankhede Stadium,Delhi Capitals,Mumbai Indians,Delhi Capitals,field,Mumbai Indians,0,0,0
734033,2014,2014,"Punjab Cricket Association Stadium, Mohali",Rajasthan Royals,Punjab Kings,Rajasthan Royals,field,Punjab Kings,0,0,0
734035,2014,2014,M Chinnaswamy Stadium,Chennai Super Kings,Royal Challengers Bangalore,Chennai Super Kings,field,Chennai Super Kings,1,0,1
734037,2014,2014,Eden Gardens,Kolkata Knight Riders,Kolkata Knight Riders,Sunrisers Hyderabad,field,Kolkata Knight Riders,1,0,1
734039,2014,2014,"Punjab Cricket Association Stadium, Mohali",Punjab Kings,Punjab Kings,Delhi Capitals,field,Punjab Kings,1,0,1
734041,2014,2014,Wankhede Stadium,Mumbai Indians,Mumbai Indians,Rajasthan Royals,field,Mumbai Indians,1,0,1
734043,2014,2014,Eden Gardens,Punjab Kings,Punjab Kings,Kolkata Knight Riders,field,Kolkata Knight Riders,0,0,0
734045,2014,2014,Brabourne Stadium,Chennai Super Kings,Chennai Super Kings,Mumbai Indians,field,Chennai Super Kings,1,0,1
734047,2014,2014,Wankhede Stadium,Chennai Super Kings,Chennai Super Kings,Punjab Kings,field,Punjab Kings,0,0,0
734049,2014,2014,M Chinnaswamy Stadium,Kolkata Knight Riders,Kolkata Knight Riders,Punjab Kings,field,Kolkata Knight Riders,1,0,1
829705,2015,2015,Eden Gardens,Kolkata Knight Riders,Kolkata Knight Riders,Mumbai Indians,field,Kolkata Knight Riders,1,0,1
829707,2015,2015,"MA Chidambaram Stadium, Chepauk",Delhi Capitals,Chennai Super Kings,Delhi Capitals,field,Chennai Super Kings,0,0,0
829709,2015,2015,Maharashtra Cricket Association Stadium,Punjab Kings,Punjab Kings,Rajasthan Royals,field,Rajasthan Royals,0,0,0
829711,2015,2015,"MA Chidambaram Stadium, Chepauk",Chennai Super Kings,Chennai Super Kings,Sunrisers Hyderabad,bat,Chennai Super Kings,1,1,0
829713,2015,2015,Eden Gardens,Royal Challengers Bangalore,Kolkata Knight Riders,Royal Challengers Bangalore,field,Royal Challengers Bangalore,1,0,1
829715,2015,2015,Feroz Shah Kotla,Rajasthan Royals,Delhi Capitals,Rajasthan Royals,field,Rajasthan Royals,1,0,1
829717,2015,2015,Wankhede Stadium,Mumbai Indians,Mumbai Indians,Punjab Kings,field,Punjab Kings,0,0,0
829719,2015,2015,M Chinnaswamy Stadium,Sunrisers Hyderabad,Royal Challengers Bangalore,Sunrisers Hyderabad,field,Sunrisers Hyderabad,1,0,1
829721,2015,2015,"Sardar Patel Stadium, Motera",Mumbai Indians,Rajasthan Royals,Mumbai Indians,bat,Rajasthan Royals,0,0,0
829723,2015,2015,Eden Gardens,Kolkata Knight Riders,Kolkata Knight Riders,Chennai Super Kings,field,Kolkata Knight Riders,1,0,1
829725,2015,2015,Maharashtra Cricket Association Stadium,Punjab Kings,Punjab Kings,Delhi Capitals,bat,Delhi Capitals,0,0,0
829727,2015,2015,Dr. Y.S. Rajasekhara Reddy ACA-VDCA Cricket Stadium,Rajasthan Royals,Sunrisers Hyderabad,Rajasthan Royals,field,Rajasthan Royals,1,0,1
829729,2015,2015,Wankhede Stadium,Mumbai Indians,Mumbai Indians,Chennai Super Kings,bat,Chennai Super Kings,0,0,0
829731,2015,2015,Dr. Y.S. Rajasekhara Reddy ACA-VDCA Cricket Stadium,Delhi Capitals,Sunrisers Hyderabad,Delhi Capitals,bat,Delhi Capitals,1,1,0
829733,2015,2015,Maharashtra Cricket Association Stadium,Kolkata Knight Riders,Punjab Kings,Kolkata Knight Riders,field,Kolkata Knight Riders,1,0,1
829735,2015,2015,"Sardar Patel Stadium, Motera",Chennai Super Kings,Rajasthan Royals,Chennai Super Kings,bat,Rajasthan Royals,0,0,0
829737,2015,2015,M Chinnaswamy Stadium,Royal Challengers Bangalore,Royal Challengers Bangalore,Mumbai Indians,field,Mumbai Indians,0,0,0
829739,2015,2015,Feroz Shah Kotla,Kolkata Knight Riders,Delhi Capitals,Kolkata Knight Riders,field,Kolkata Knight Riders,1,0,1
829741,2015,2015,"Sardar Patel Stadium, Motera",Punjab Kings,Rajasthan Royals,Punjab Kings,field,Punjab Kings,1,0,1
829743,2015,2015,Dr. Y.S. Rajasekhara Reddy ACA-VDCA Cricket Stadium,Kolkata Knight Riders,Sunrisers Hyderabad,Kolkata Knight Riders,field,Sunrisers Hyderabad,0,0,0
829745,2015,2015,M Chinnaswamy Stadium,Royal Challengers Bangalore,Royal Challengers Bangalore,Chennai Super Kings,field,Chennai Super Kings,0,0,0
829747,2015,2015,Feroz Shah Kotla,Mumbai Indians,Delhi Capitals,Mumbai Indians,field,Delhi Capitals,0,0,0
829749,2015,2015,"Sardar Patel Stadium, Motera",Royal Challengers Bangalore,Rajasthan Royals,Royal Challengers Bangalore,field,Royal Challengers Bangalore,1,0,1
829751,2015,2015,Wankhede Stadium,Mumbai Indians,Mumbai Indians,Sunrisers Hyderabad,bat,Mumbai Indians,1,1,0
829753,2015,2015,"MA Chidambaram Stadium, Chepauk",Chennai Super Kings,Chennai Super Kings,Punjab Kings,bat,Chennai Super Kings,1,1,0
829757,2015,2015,Feroz Shah Kotla,Royal Challengers Bangalore,Delhi Capitals,Royal Challengers Bangalore,field,Royal Challengers Bangalore,1,0,1
829759,2015,2015,"Punjab Cricket Association Stadium, Mohali",Punjab Kings,Punjab Kings,Sunrisers Hyderabad,field,Sunrisers Hyderabad,0,0,0
829761,2015,2015,Eden Gardens,Kolkata Knight Riders,Kolkata Knight Riders,Delhi Capitals,bat,Kolkata Knight Riders,1,1,0
829765,2015,2015,"MA Chidambaram Stadium, Chepauk",Kolkata Knight Riders,Chennai Super Kings,Kolkata Knight Riders,field,Chennai Super Kings,0,0,0
829767,2015,2015,Feroz Shah Kotla,Delhi Capitals,Delhi Capitals,Punjab Kings,field,Delhi Capitals,1,0,1
829769,2015,2015,Wankhede Stadium,Rajasthan Royals,Mumbai Indians,Rajasthan Royals,field,Mumbai Indians,0,0,0
829771,2015,2015,M Chinnaswamy Stadium,Royal Challengers Bangalore,Royal Challengers Bangalore,Kolkata Knight Riders,field,Royal Challengers Bangalore,1,0,1
829773,2015,2015,"Rajiv Gandhi International Stadium, Uppal",Chennai Super Kings,Sunrisers Hyderabad,Chennai Super Kings,field,Sunrisers Hyderabad,0,0,0
829775,2015,2015,"Punjab Cricket Association Stadium, Mohali",Mumbai Indians,Punjab Kings,Mumbai Indians,bat,Mumbai Indians,1,1,0
829777,2015,2015,Brabourne Stadium,Delhi Capitals,Rajasthan Royals,Delhi Capitals,field,Rajasthan Royals,0,0,0
829779,2015,2015,"MA Chidambaram Stadium, Chepauk",Chennai Super Kings,Chennai Super Kings,Royal Challengers Bangalore,bat,Chennai Super Kings,1,1,0
829781,2015,2015,Eden Gardens,Sunrisers Hyderabad,Kolkata Knight Riders,Sunrisers Hyderabad,field,Kolkata Knight Riders,0,0,0
829783,2015,2015,Wankhede Stadium,Delhi Capitals,Mumbai Indians,Delhi Capitals,bat,Mumbai Indians,0,0,0
829785,2015,2015,M Chinnaswamy Stadium,Punjab Kings,Royal Challengers Bangalore,Punjab Kings,field,Royal Challengers Bangalore,0,0,0
829787,2015,2015,Brabourne Stadium,Rajasthan Royals,Rajasthan Royals,Sunrisers Hyderabad,field,Sunrisers Hyderabad,0,0,0
829789,2015,2015,"MA Chidambaram Stadium, Chepauk",Chennai Super Kings,Chennai Super Kings,Mumbai Indians,bat,Mumbai Indians,0,0,0
829791,2015,2015,Eden Gardens,Punjab Kings,Kolkata Knight Riders,Punjab Kings,bat,Kolkata Knight Riders,0,0,0
829793,2015,2015,Shaheed Veer Narayan Singh International Stadium,Sunrisers Hyderabad,Delhi Capitals,Sunrisers Hyderabad,bat,Sunrisers Hyderabad,1,1,0
829795,2015,2015,Wankhede Stadium,Royal Challengers Bangalore,Mumbai Indians,Royal Challengers Bangalore,bat,Royal Challengers Bangalore,1,1,0
829797,2015,2015,"MA Chidambaram Stadium, Chepauk",Chennai Super Kings,Chennai Super Kings,Rajasthan Royals,bat,Chennai Super Kings,1,1,0
829799,2015,2015,"Rajiv Gandhi International Stadium, Uppal",Sunrisers Hyderabad,Sunrisers Hyderabad,Punjab Kings,bat,Sunrisers Hyderabad,1,1,0
829801,2015,2015,Shaheed Veer Narayan Singh International Stadium,Chennai Super Kings,Delhi Capitals,Chennai Super Kings,bat,Delhi Capitals,0,0,0
829803,2015,2015,"Punjab Cricket Association Stadium, Mohali",Royal Challengers Bangalore,Punjab Kings,Royal Challengers Bangalore,field,Punjab Kings,0,0,0
829805,2015,2015,Wankhede Stadium,Kolkata Knight Riders,Mumbai Indians,Kolkata Knight Riders,field,Mumbai Indians,0,0,0
829807,2015,2015,"Rajiv Gandhi International Stadium, Uppal",Sunrisers Hyderabad,Sunrisers Hyderabad,Royal Challengers Bangalore,bat,Royal Challengers Bangalore,0,0,0
829809,2015,2015,"Punjab Cricket Association Stadium, Mohali",Punjab Kings,Punjab Kings,Chennai Super Kings,bat,Chennai Super Kings,0,0,0
829811,2015,2015,Brabourne Stadium,Rajasthan Royals,Rajasthan Royals,Kolkata Knight Riders,bat,Rajasthan Royals,1,1,0
829815,2015,2015,"Rajiv Gandhi International Stadium, Uppal",Sunrisers Hyderabad,Sunrisers Hyderabad,Mumbai Indians,bat,Mumbai Indians,0,0,0
829817,2015,2015,Wankhede Stadium,Mumbai Indians,Chennai Super Kings,Mumbai Indians,bat,Mumbai Indians,1,1,0
829819,2015,2015,Maharashtra Cricket Association Stadium,Royal Challengers Bangalore,Royal Challengers Bangalore,Rajasthan Royals,bat,Royal Challengers Bangalore,1,1,0
829821,2015,2015,JSCA International Stadium Complex,Chennai Super Kings,Chennai Super Kings,Royal Challengers Bangalore,field,Chennai Super Kings,1,0,1
829823,2015,2015,Eden Gardens,Chennai Super Kings,Mumbai Indians,Chennai Super Kings,field,Mumbai Indians,0,0,0
980901,2016,2016,Wankhede Stadium,Mumbai Indians,Mumbai Indians,Rising Pune Supergiant,bat,Rising Pune Supergiant,0,0,0
980903,2016,2016,Eden Gardens,Kolkata Knight Riders,Kolkata Knight Riders,Delhi Capitals,field,Kolkata Knight Riders,1,0,1
980905,2016,2016,"Punjab Cricket Association IS Bindra Stadium, Mohali",Gujarat Lions,Punjab Kings,Gujarat Lions,field,Gujarat Lions,1,0,1
980907,2016,2016,M Chinnaswamy Stadium,Sunrisers Hyderabad,Royal Challengers Bangalore,Sunrisers Hyderabad,field,Royal Challengers Bangalore,0,0,0
980909,2016,2016,Eden Gardens,Mumbai Indians,Kolkata Knight Riders,Mumbai Indians,field,Mumbai Indians,1,0,1
980911,2016,2016,Saurashtra Cricket Association Stadium,Rising Pune Supergiant,Gujarat Lions,Rising Pune Supergiant,bat,Gujarat Lions,0,0,0
980913,2016,2016,Feroz Shah Kotla,Delhi Capitals,Delhi Capitals,Punjab Kings,field,Delhi Capitals,1,0,1
980915,2016,2016,"Rajiv Gandhi International Stadium, Uppal",Sunrisers Hyderabad,Sunrisers Hyderabad,Kolkata Knight Riders,bat,Kolkata Knight Riders,0,0,0
980917,2016,2016,Wankhede Stadium,Gujarat Lions,Mumbai Indians,Gujarat Lions,field,Gujarat Lions,1,0,1
980919,2016,2016,"Punjab Cricket Association IS Bindra Stadium, Mohali",Rising Pune Supergiant,Punjab Kings,Rising Pune Supergiant,bat,Punjab Kings,0,0,0
980921,2016,2016,M Chinnaswamy Stadium,Delhi Capitals,Royal Challengers Bangalore,Delhi Capitals,field,Delhi Capitals,1,0,1
980923,2016,2016,"Rajiv Gandhi International Stadium, Uppal",Sunrisers Hyderabad,Sunrisers Hyderabad,Mumbai Indians,field,Sunrisers Hyderabad,1,0,1
980925,2016,2016,"Punjab Cricket Association IS Bindra Stadium, Mohali",Kolkata Knight Riders,Punjab Kings,Kolkata Knight Riders,field,Kolkata Knight Riders,1,0,1
980927,2016,2016,Wankhede Stadium,Mumbai Indians,Mumbai Indians,Royal Challengers Bangalore,field,Mumbai Indians,1,0,1
980929,2016,2016,Saurashtra Cricket Association Stadium,Sunrisers Hyderabad,Gujarat Lions,Sunrisers Hyderabad,field,Sunrisers Hyderabad,1,0,1
980931,2016,2016,Maharashtra Cricket Association Stadium,Rising Pune Supergiant,Rising Pune Supergiant,Royal Challengers Bangalore,field,Royal Challengers Bangalore,0,0,0
980933,2016,2016,Feroz Shah Kotla,Mumbai Indians,Delhi Capitals,Mumbai Indians,field,Delhi Capitals,0,0,0
980935,2016,2016,"Rajiv Gandhi International Stadium, Uppal",Sunrisers Hyderabad,Sunrisers Hyderabad,Punjab Kings,field,Sunrisers Hyderabad,1,0,1
980937,2016,2016,Saurashtra Cricket Association Stadium,Royal Challengers Bangalore,Gujarat Lions,Royal Challengers Bangalore,bat,Gujarat Lions,0,0,0
980939,2016,2016,Maharashtra Cricket Association Stadium,Kolkata Knight Riders,Rising Pune Supergiant,Kolkata Knight Riders,field,Kolkata Knight Riders,1,0,1
980941,2016,2016,"Punjab Cricket Association IS Bindra Stadium, Mohali",Punjab Kings,Punjab Kings,Mumbai Indians,field,Mumbai Indians,0,0,0
980943,2016,2016,"Rajiv Gandhi International Stadium, Uppal",Rising Pune Supergiant,Sunrisers Hyderabad,Rising Pune Supergiant,field,Rising Pune Supergiant,1,0,1
980945,2016,2016,Feroz Shah Kotla,Delhi Capitals,Delhi Capitals,Gujarat Lions,field,Gujarat Lions,0,0,0
980947,2016,2016,Wankhede Stadium,Mumbai Indians,Mumbai Indians,Kolkata Knight Riders,field,Mumbai Indians,1,0,1
980949,2016,2016,Maharashtra Cricket Association Stadium,Gujarat Lions,Rising Pune Supergiant,Gujarat Lions,field,Gujarat Lions,1,0,1
980951,2016,2016,Feroz Shah Kotla,Kolkata Knight Riders,Delhi Capitals,Kolkata Knight Riders,field,Delhi Capitals,0,0,0
980953,2016,2016,"Rajiv Gandhi International Stadium, Uppal",Royal Challengers Bangalore,Sunrisers Hyderabad,Royal Challengers Bangalore,field,Sunrisers Hyderabad,0,0,0
980955,2016,2016,Saurashtra Cricket Association Stadium,Gujarat Lions,Gujarat Lions,Punjab Kings,field,Punjab Kings,0,0,0
980957,2016,2016,Maharashtra Cricket Association Stadium,Mumbai Indians,Rising Pune Supergiant,Mumbai Indians,field,Mumbai Indians,1,0,1
980959,2016,2016,M Chinnaswamy Stadium,Kolkata Knight Riders,Royal Challengers Bangalore,Kolkata Knight Riders,field,Kolkata Knight Riders,1,0,1
980961,2016,2016,Saurashtra Cricket Association Stadium,Delhi Capitals,Gujarat Lions,Delhi Capitals,field,Delhi Capitals,1,0,1
980963,2016,2016,Eden Gardens,Punjab Kings,Kolkata Knight Riders,Punjab Kings,field,Kolkata Knight Riders,0,0,0
980965,2016,2016,Feroz Shah Kotla,Rising Pune Supergiant,Delhi Capitals,Rising Pune Supergiant,field,Rising Pune Supergiant,1,0,1
980967,2016,2016,"Rajiv Gandhi International Stadium, Uppal",Sunrisers Hyderabad,Sunrisers Hyderabad,Gujarat Lions,field,Sunrisers Hyderabad,1,0,1
980969,2016,2016,M Chinnaswamy Stadium,Royal Challengers Bangalore,Royal Challengers Bangalore,Rising Pune Supergiant,field,Royal Challengers Bangalore,1,0,1
980971,2016,2016,"Punjab Cricket Association IS Bindra Stadium, Mohali",Delhi Capitals,Punjab Kings,Delhi Capitals,field,Punjab Kings,0,0,0
980973,2016,2016,Dr. Y.S. Rajasekhara Reddy ACA-VDCA Cricket Stadium,Mumbai Indians,Mumbai Indians,Sunrisers Hyderabad,field,Sunrisers Hyderabad,0,0,0
980975,2016,2016,Eden Gardens,Gujarat Lions,Kolkata Knight Riders,Gujarat Lions,field,Gujarat Lions,1,0,1
980977,2016,2016,"Punjab Cricket Association IS Bindra Stadium, Mohali",Punjab Kings,Punjab Kings,Royal Challengers Bangalore,field,Royal Challengers Bangalore,0,0,0
980979,2016,2016,Dr. Y.S. Rajasekhara Reddy ACA-VDCA Cricket Stadium,Sunrisers Hyderabad,Rising Pune Supergiant,Sunrisers Hyderabad,bat,Sunrisers Hyderabad,1,1,0
980981,2016,2016,M Chinnaswamy Stadium,Mumbai Indians,Royal Challengers Bangalore,Mumbai Indians,field,Mumbai Indians,1,0,1
980983,2016,2016,"Rajiv Gandhi International Stadium, Uppal",Delhi Capitals,Sunrisers Hyderabad,Delhi Capitals,field,Delhi Capitals,1,0,1
980985,2016,2016,Dr. Y.S. Rajasekhara Reddy ACA-VDCA Cricket Stadium,Mumbai Indians,Mumbai Indians,Punjab Kings,bat,Punjab Kings,0,0,0
980987,2016,2016,M Chinnaswamy Stadium,Gujarat Lions,Royal Challengers Bangalore,Gujarat Lions,field,Royal Challengers Bangalore,0,0,0
980989,2016,2016,Eden Gardens,Rising Pune Supergiant,Kolkata Knight Riders,Rising Pune Supergiant,bat,Kolkata Knight Riders,0,0,0
980991,2016,2016,"Punjab Cricket Association IS Bindra Stadium, Mohali",Punjab Kings,Punjab Kings,Sunrisers Hyderabad,bat,Sunrisers Hyderabad,0,0,0
980993,2016,2016,Dr. Y.S. Rajasekhara Reddy ACA-VDCA Cricket Stadium,Delhi Capitals,Mumbai Indians,Delhi Capitals,field,Mumbai Indians,0,0,0
980995,2016,2016,Eden Gardens,Royal Challengers Bangalore,Kolkata Knight Riders,Royal Challengers Bangalore,field,Royal Challengers Bangalore,1,0,1
980997,2016,2016,Dr. Y.S. Rajasekhara Reddy ACA-VDCA Cricket Stadium,Rising Pune Supergiant,Rising Pune Supergiant,Delhi Capitals,field,Rising Pune Supergiant,1,0,1
980999,2016,2016,M Chinnaswamy Stadium,Punjab Kings,Royal Challengers Bangalore,Punjab Kings,field,Royal Challengers Bangalore,0,0,0
981001,2016,2016,Green Park,Gujarat Lions,Gujarat Lions,Kolkata Knight Riders,field,Gujarat Lions,1,0,1
981003,2016,2016,Shaheed Veer Narayan Singh International Stadium,Delhi Capitals,Delhi Capitals,Sunrisers Hyderabad,field,Delhi Capitals,1,0,1
981005,2016,2016,Dr. Y.S. Rajasekhara Reddy ACA-VDCA Cricket Stadium,Punjab Kings,Rising Pune Supergiant,Punjab Kings,bat,Rising Pune Supergiant,0,0,0
981007,2016,2016,Green Park,Gujarat Lions,Gujarat Lions,Mumbai Indians,field,Gujarat Lions,1,0,1
981009,2016,2016,Eden Gardens,Sunrisers Hyderabad,Kolkata Knight Riders,Sunrisers Hyderabad,field,Kolkata Knight Riders,0,0,0
981011,2016,2016,Shaheed Veer Narayan Singh International Stadium,Royal Challengers Bangalore,Delhi Capitals,Royal Challengers Bangalore,field,Royal Challengers Bangalore,1,0,1
981013,2016,2016,M Chinnaswamy Stadium,Royal Challengers Bangalore,Gujarat Lions,Royal Challengers Bangalore,field,Royal Challengers Bangalore,1,0,1
981015,2016,2016,Feroz Shah Kotla,Kolkata Knight Riders,Sunrisers Hyderabad,Kolkata Knight Riders,field,Sunrisers Hyderabad,0,0,0
981017,2016,2016,Feroz Shah Kotla,Sunrisers Hyderabad,Gujarat Lions,Sunrisers Hyderabad,field,Sunrisers Hyderabad,1,0,1
981019,2016,2016,M Chinnaswamy Stadium,Sunrisers Hyderabad,Royal Challengers Bangalore,Sunrisers Hyderabad,bat,Sunrisers Hyderabad,1,1,0
1082591,2017,2017,"Rajiv Gandhi International Stadium, Uppal",Royal Challengers Bangalore,Sunrisers Hyderabad,Royal Challengers Bangalore,field,Sunrisers Hyderabad,0,0,0
1082592,2017,2017,Maharashtra Cricket Association Stadium,Rising Pune Supergiant,Rising Pune Supergiant,Mumbai Indians,field,Rising Pune Supergiant,1,0,1
1082593,2017,2017,Saurashtra Cricket Association Stadium,Kolkata Knight Riders,Gujarat Lions,Kolkata Knight Riders,field,Kolkata Knight Riders,1,0,1
1082594,2017,2017,Holkar Cricket Stadium,Punjab Kings,Punjab Kings,Rising Pune Supergiant,field,Punjab Kings,1,0,1
1082595,2017,2017,M.Chinnaswamy Stadium,Royal Challengers Bangalore,Royal Challengers Bangalore,Delhi Capitals,bat,Royal Challengers Bangalore,1,1,0
1082596,2017,2017,"Rajiv Gandhi International Stadium, Uppal",Sunrisers Hyderabad,Sunrisers Hyderabad,Gujarat Lions,field,Sunrisers Hyderabad,1,0,1
1082597,2017,2017,Wankhede Stadium,Mumbai Indians,Mumbai Indians,Kolkata Knight Riders,field,Mumbai Indians,1,0,1
1082598,2017,2017,Holkar Cricket Stadium,Royal Challengers Bangalore,Punjab Kings,Royal Challengers Bangalore,bat,Punjab Kings,0,0,0
1082599,2017,2017,Maharashtra Cricket Association Stadium,Rising Pune Supergiant,Rising Pune Supergiant,Delhi Capitals,field,Delhi Capitals,0,0,0
1082600,2017,2017,Wankhede Stadium,Mumbai Indians,Mumbai Indians,Sunrisers Hyderabad,field,Mumbai Indians,1,0,1
1082601,2017,2017,Eden Gardens,Kolkata Knight Riders,Kolkata Knight Riders,Punjab Kings,field,Kolkata Knight Riders,1,0,1
1082602,2017,2017,M Chinnaswamy Stadium,Mumbai Indians,Royal Challengers Bangalore,Mumbai Indians,field,Mumbai Indians,1,0,1
1082603,2017,2017,Saurashtra Cricket Association Stadium,Gujarat Lions,Gujarat Lions,Rising Pune Supergiant,field,Gujarat Lions,1,0,1
1082604,2017,2017,Eden Gardens,Sunrisers Hyderabad,Kolkata Knight Riders,Sunrisers Hyderabad,field,Kolkata Knight Riders,0,0,0
1082605,2017,2017,Feroz Shah Kotla,Delhi Capitals,Delhi Capitals,Punjab Kings,bat,Delhi Capitals,1,1,0
1082606,2017,2017,Wankhede Stadium,Mumbai Indians,Mumbai Indians,Gujarat Lions,field,Mumbai Indians,1,0,1
1082607,2017,2017,M Chinnaswamy Stadium,Royal Challengers Bangalore,Royal Challengers Bangalore,Rising Pune Supergiant,field,Rising Pune Supergiant,0,0,0
1082608,2017,2017,Feroz Shah Kotla,Delhi Capitals,Delhi Capitals,Kolkata Knight Riders,bat,Kolkata Knight Riders,0,0,0
1082609,2017,2017,"Rajiv Gandhi International Stadium, Uppal",Punjab Kings,Sunrisers Hyderabad,Punjab Kings,field,Sunrisers Hyderabad,0,0,0
1082610,2017,2017,Saurashtra Cricket Association Stadium,Gujarat Lions,Gujarat Lions,Royal Challengers Bangalore,field,Royal Challengers Bangalore,0,0,0
1082611,2017,2017,"Rajiv Gandhi International Stadium, Uppal",Sunrisers Hyderabad,Sunrisers Hyderabad,Delhi Capitals,bat,Sunrisers Hyderabad,1,1,0
1082612,2017,2017,Holkar Cricket Stadium,Mumbai Indians,Punjab Kings,Mumbai Indians,field,Mumbai Indians,1,0,1
1082613,2017,2017,Eden Gardens,Gujarat Lions,Kolkata Knight Riders,Gujarat Lions,field,Gujarat Lions,1,0,1
1082614,2017,2017,Wankhede Stadium,Delhi Capitals,Mumbai Indians,Delhi Capitals,field,Mumbai Indians,0,0,0
1082615,2017,2017,Maharashtra Cricket Association Stadium,Rising Pune Supergiant,Rising Pune Supergiant,Sunrisers Hyderabad,field,Rising Pune Supergiant,1,0,1
1082616,2017,2017,Saurashtra Cricket Association Stadium,Gujarat Lions,Gujarat Lions,Punjab Kings,field,Punjab Kings,0,0,0
1082617,2017,2017,Eden Gardens,Royal Challengers Bangalore,Kolkata Knight Riders,Royal Challengers Bangalore,field,Kolkata Knight Riders,0,0,0
1082618,2017,2017,Wankhede Stadium,Mumbai Indians,Mumbai Indians,Rising Pune Supergiant,field,Rising Pune Supergiant,0,0,0
1082620,2017,2017,Maharashtra Cricket Association Stadium,Kolkata Knight Riders,Rising Pune Supergiant,Kolkata Knight Riders,field,Kolkata Knight Riders,1,0,1
1082621,2017,2017,M Chinnaswamy Stadium,Gujarat Lions,Royal Challengers Bangalore,Gujarat Lions,field,Gujarat Lions,1,0,1
1082622,2017,2017,Eden Gardens,Kolkata Knight Riders,Kolkata Knight Riders,Delhi Capitals,field,Kolkata Knight Riders,1,0,1
1082623,2017,2017,"Punjab Cricket Association IS Bindra Stadium, Mohali",Punjab Kings,Punjab Kings,Sunrisers Hyderabad,field,Sunrisers Hyderabad,0,0,0
1082624,2017,2017,Maharashtra Cricket Association Stadium,Royal Challengers Bangalore,Rising Pune Supergiant,Royal Challengers Bangalore,field,Rising Pune Supergiant,0,0,0
1082625,2017,2017,Saurashtra Cricket Association Stadium,Gujarat Lions,Gujarat Lions,Mumbai Indians,bat,Mumbai Indians,0,0,0
1082626,2017,2017,"Punjab Cricket Association IS Bindra Stadium, Mohali",Punjab Kings,Punjab Kings,Delhi Capitals,field,Punjab Kings,1,0,1
1082627,2017,2017,"Rajiv Gandhi International Stadium, Uppal",Kolkata Knight Riders,Sunrisers Hyderabad,Kolkata Knight Riders,field,Sunrisers Hyderabad,0,0,0
1082628,2017,2017,Wankhede Stadium,Royal Challengers Bangalore,Mumbai Indians,Royal Challengers Bangalore,bat,Mumbai Indians,0,0,0
1082629,2017,2017,Maharashtra Cricket Association Stadium,Rising Pune Supergiant,Rising Pune Supergiant,Gujarat Lions,field,Rising Pune Supergiant,1,0,1
1082630,2017,2017,Feroz Shah Kotla,Delhi Capitals,Delhi Capitals,Sunrisers Hyderabad,field,Delhi Capitals,1,0,1
1082631,2017,2017,Eden Gardens,Rising Pune Supergiant,Kolkata Knight Riders,Rising Pune Supergiant,field,Rising Pune Supergiant,1,0,1
1082632,2017,2017,Feroz Shah Kotla,Delhi Capitals,Delhi Capitals,Gujarat Lions,field,Delhi Capitals,1,0,1
1082633,2017,2017,M Chinnaswamy Stadium,Royal Challengers Bangalore,Royal Challengers Bangalore,Punjab Kings,field,Punjab Kings,0,0,0
1082634,2017,2017,"Rajiv Gandhi International Stadium, Uppal",Sunrisers Hyderabad,Sunrisers Hyderabad,Rising Pune Supergiant,field,Rising Pune Supergiant,0,0,0
1082635,2017,2017,Feroz Shah Kotla,Delhi Capitals,Delhi Capitals,Mumbai Indians,field,Mumbai Indians,0,0,0
1082636,2017,2017,M Chinnaswamy Stadium,Kolkata Knight Riders,Royal Challengers Bangalore,Kolkata Knight Riders,field,Kolkata Knight Riders,1,0,1
1082637,2017,2017,"Punjab Cricket Association IS Bindra Stadium, Mohali",Gujarat Lions,Punjab Kings,Gujarat Lions,field,Gujarat Lions,1,0,1
1082638,2017,2017,"Rajiv Gandhi International Stadium, Uppal",Mumbai Indians,Sunrisers Hyderabad,Mumbai Indians,bat,Sunrisers Hyderabad,0,0,0
1082639,2017,2017,"Punjab Cricket Association IS Bindra Stadium, Mohali",Kolkata Knight Riders,Punjab Kings,Kolkata Knight Riders,field,Punjab Kings,0,0,0
1082640,2017,2017,Green Park,Delhi Capitals,Gujarat Lions,Delhi Capitals,field,Delhi Capitals,1,0,1
1082641,2017,2017,Wankhede Stadium,Mumbai Indians,Mumbai Indians,Punjab Kings,field,Punjab Kings,0,0,0
1082642,2017,2017,Feroz Shah Kotla,Delhi Capitals,Delhi Capitals,Rising Pune Supergiant,bat,Delhi Capitals,1,1,0
1082643,2017,2017,Green Park,Sunrisers Hyderabad,Gujarat Lions,Sunrisers Hyderabad,field,Sunrisers Hyderabad,1,0,1
1082644,2017,2017,Eden Gardens,Kolkata Knight Riders,Kolkata Knight Riders,Mumbai Indians,field,Mumbai Indians,0,0,0
1082645,2017,2017,Maharashtra Cricket Association Stadium,Rising Pune Supergiant,Rising Pune Supergiant,Punjab Kings,field,Rising Pune Supergiant,1,0,1
1082646,2017,2017,Feroz Shah Kotla,Royal Challengers Bangalore,Delhi Capitals,Royal Challengers Bangalore,bat,Royal Challengers Bangalore,1,1,0
1082647,2017,2017,Wankhede Stadium,Mumbai Indians,Mumbai Indians,Rising Pune Supergiant,field,Rising Pune Supergiant,0,0,0
1082648,2017,2017,M Chinnaswamy Stadium,Kolkata Knight Riders,Sunrisers Hyderabad,Kolkata Knight Riders,field,Kolkata Knight Riders,1,0,1
1082649,2017,2017,M Chinnaswamy Stadium,Mumbai Indians,Mumbai Indians,Kolkata Knight Riders,field,Mumbai Indians,1,0,1
1082650,2017,2017,"Rajiv Gandhi International Stadium, Uppal",Mumbai Indians,Mumbai Indians,Rising Pune Supergiant,bat,Mumbai Indians,1,1,0
1136561,2018,2018,Wankhede Stadium,Chennai Super Kings,Mumbai Indians,Chennai Super Kings,field,Chennai Super Kings,1,0,1
1136562,2018,2018,Punjab Cricket Association IS Bindra Stadium,Punjab Kings,Delhi Capitals,Punjab Kings,field,Punjab Kings,1,0,1
1136563,2018,2018,Eden Gardens,Kolkata Knight Riders,Royal Challengers Bangalore,Kolkata Knight Riders,field,Kolkata Knight Riders,1,0,1
1136564,2018,2018,Rajiv Gandhi International Stadium,Sunrisers Hyderabad,Rajasthan Royals,Sunrisers Hyderabad,field,Sunrisers Hyderabad,1,0,1
1136565,2018,2018,MA Chidambaram Stadium,Chennai Super Kings,Kolkata Knight Riders,Chennai Super Kings,field,Chennai Super Kings,1,0,1
1136566,2018,2018,Sawai Mansingh Stadium,Delhi Capitals,Rajasthan Royals,Delhi Capitals,field,Rajasthan Royals,0,0,0
1136567,2018,2018,Rajiv Gandhi International Stadium,Sunrisers Hyderabad,Mumbai Indians,Sunrisers Hyderabad,field,Sunrisers Hyderabad,1,0,1
1136568,2018,2018,M.Chinnaswamy Stadium,Royal Challengers Bangalore,Punjab Kings,Royal Challengers Bangalore,field,Royal Challengers Bangalore,1,0,1
1136569,2018,2018,Wankhede Stadium,Delhi Capitals,Mumbai Indians,Delhi Capitals,field,Delhi Capitals,1,0,1
1136570,2018,2018,Eden Gardens,Sunrisers Hyderabad,Kolkata Knight Riders,Sunrisers Hyderabad,field,Sunrisers Hyderabad,1,0,1
1136571,2018,2018,M.Chinnaswamy Stadium,Royal Challengers Bangalore,Rajasthan Royals,Royal Challengers Bangalore,field,Rajasthan Royals,0,0,0
1136572,2018,2018,Punjab Cricket Association IS Bindra Stadium,Chennai Super Kings,Punjab Kings,Chennai Super Kings,field,Punjab Kings,0,0,0
1136573,2018,2018,Eden Gardens,Delhi Capitals,Kolkata Knight Riders,Delhi Capitals,field,Kolkata Knight Riders,0,0,0
1136574,2018,2018,Wankhede Stadium,Royal Challengers Bangalore,Mumbai Indians,Royal Challengers Bangalore,field,Mumbai Indians,0,0,0
1136575,2018,2018,Sawai Mansingh Stadium,Kolkata Knight Riders,Rajasthan Royals,Kolkata Knight Riders,field,Kolkata Knight Riders,1,0,1
1136576,2018,2018,Punjab Cricket Association IS Bindra Stadium,Punjab Kings,Punjab Kings,Sunrisers Hyderabad,bat,Punjab Kings,1,1,0
1136577,2018,2018,Maharashtra Cricket Association Stadium,Rajasthan Royals,Chennai Super Kings,Rajasthan Royals,field,Chennai Super Kings,0,0,0
1136578,2018,2018,Eden Gardens,Punjab Kings,Kolkata Knight Riders,Punjab Kings,field,Punjab Kings,1,0,1
1136579,2018,2018,M.Chinnaswamy Stadium,Royal Challengers Bangalore,Delhi Capitals,Royal Challengers Bangalore,field,Royal Challengers Bangalore,1,0,1
1136580,2018,2018,Rajiv Gandhi International Stadium,Sunrisers Hyderabad,Chennai Super Kings,Sunrisers Hyderabad,field,Chennai Super Kings,0,0,0
1136581,2018,2018,Sawai Mansingh Stadium,Mumbai Indians,Mumbai Indians,Rajasthan Royals,bat,Rajasthan Royals,0,0,0
1136582,2018,2018,Arun Jaitley Stadium,Delhi Capitals,Punjab Kings,Delhi Capitals,field,Punjab Kings,0,0,0
1136583,2018,2018,Wankhede Stadium,Mumbai Indians,Sunrisers Hyderabad,Mumbai Indians,field,Sunrisers Hyderabad,0,0,0
1136584,2018,2018,M.Chinnaswamy Stadium,Chennai Super Kings,Royal Challengers Bangalore,Chennai Super Kings,field,Chennai Super Kings,1,0,1
1136585,2018,2018,Rajiv Gandhi International Stadium,Punjab Kings,Sunrisers Hyderabad,Punjab Kings,field,Sunrisers Hyderabad,0,0,0
1136586,2018,2018,Arun Jaitley Stadium,Kolkata Knight Riders,Delhi Capitals,Kolkata Knight Riders,field,Delhi Capitals,0,0,0
1136587,2018,2018,Maharashtra Cricket Association Stadium,Mumbai Indians,Chennai Super Kings,Mumbai Indians,field,Mumbai Indians,1,0,1
1136588,2018,2018,Sawai Mansingh Stadium,Sunrisers Hyderabad,Sunrisers Hyderabad,Rajasthan Royals,bat,Sunrisers Hyderabad,1,1,0
1136589,2018,2018,M.Chinnaswamy Stadium,Kolkata Knight Riders,Royal Challengers Bangalore,Kolkata Knight Riders,field,Kolkata Knight Riders,1,0,1
1136590,2018,2018,Maharashtra Cricket Association Stadium,Delhi Capitals,Chennai Super Kings,Delhi Capitals,field,Chennai Super Kings,0,0,0
1136591,2018,2018,M.Chinnaswamy Stadium,Mumbai Indians,Royal Challengers Bangalore,Mumbai Indians,field,Royal Challengers Bangalore,0,0,0
1136592,2018,2018,Arun Jaitley Stadium,Rajasthan Royals,Delhi Capitals,Rajasthan Royals,field,Delhi Capitals,0,0,0
1136593,2018,2018,Eden Gardens,Kolkata Knight Riders,Chennai Super Kings,Kolkata Knight Riders,field,Kolkata Knight Riders,1,0,1
1136594,2018,2018,Holkar Cricket Stadium,Mumbai Indians,Punjab Kings,Mumbai Indians,field,Mumbai Indians,1,0,1
1136595,2018,2018,Maharashtra Cricket Association Stadium,Chennai Super Kings,Royal Challengers Bangalore,Chennai Super Kings,field,Chennai Super Kings,1,0,1
1136596,2018,2018,Rajiv Gandhi International Stadium,Delhi Capitals,Delhi Capitals,Sunrisers Hyderabad,bat,Sunrisers Hyderabad,0,0,0
1136597,2018,2018,Wankhede Stadium,Kolkata Knight Riders,Mumbai Indians,Kolkata Knight Riders,field,Mumbai Indians,0,0,0
1136598,2018,2018,Holkar Cricket Stadium,Punjab Kings,Rajasthan Royals,Punjab Kings,field,Punjab Kings,1,0,1
1136599,2018,2018,Rajiv Gandhi International Stadium,Royal Challengers Bangalore,Sunrisers Hyderabad,Royal Challengers Bangalore,field,Sunrisers Hyderabad,0,0,0
1136600,2018,2018,Sawai Mansingh Stadium,Rajasthan Royals,Rajasthan Royals,Punjab Kings,bat,Rajasthan Royals,1,1,0
1136601,2018,2018,Eden Gardens,Kolkata Knight Riders,Mumbai Indians,Kolkata Knight Riders,field,Mumbai Indians,0,0,0
1136602,2018,2018,Arun Jaitley Stadium,Delhi Capitals,Delhi Capitals,Sunrisers Hyderabad,bat,Sunrisers Hyderabad,0,0,0
1136603,2018,2018,Sawai Mansingh Stadium,Chennai Super Kings,Chennai Super Kings,Rajasthan Royals,bat,Rajasthan Royals,0,0,0
1136604,2018,2018,Holkar Cricket Stadium,Punjab Kings,Kolkata Knight Riders,Punjab Kings,field,Kolkata Knight Riders,0,0,0
1136605,2018,2018,Arun Jaitley Stadium,Royal Challengers Bangalore,Delhi Capitals,Royal Challengers Bangalore,field,Royal Challengers Bangalore,1,0,1
1136606,2018,2018,Maharashtra Cricket Association Stadium,Chennai Super Kings,Sunrisers Hyderabad,Chennai Super Kings,field,Chennai Super Kings,1,0,1
1136607,2018,2018,Wankhede Stadium,Rajasthan Royals,Mumbai Indians,Rajasthan Royals,field,Rajasthan Royals,1,0,1
1136608,2018,2018,Holkar Cricket Stadium,Royal Challengers Bangalore,Punjab Kings,Royal Challengers Bangalore,field,Royal Challengers Bangalore,1,0,1
1136609,2018,2018,Eden Gardens,Kolkata Knight Riders,Rajasthan Royals,Kolkata Knight Riders,field,Kolkata Knight Riders,1,0,1
1136610,2018,2018,Wankhede Stadium,Punjab Kings,Mumbai Indians,Punjab Kings,field,Mumbai Indians,0,0,0
1136611,2018,2018,M.Chinnaswamy Stadium,Sunrisers Hyderabad,Royal Challengers Bangalore,Sunrisers Hyderabad,field,Royal Challengers Bangalore,0,0,0
1136612,2018,2018,Arun Jaitley Stadium,Chennai Super Kings,Delhi Capitals,Chennai Super Kings,field,Delhi Capitals,0,0,0
1136613,2018,2018,Sawai Mansingh Stadium,Rajasthan Royals,Rajasthan Royals,Royal Challengers Bangalore,bat,Rajasthan Royals,1,1,0
1136614,2018,2018,Rajiv Gandhi International Stadium,Sunrisers Hyderabad,Sunrisers Hyderabad,Kolkata Knight Riders,bat,Kolkata Knight Riders,0,0,0
1136615,2018,2018,Arun Jaitley Stadium,Delhi Capitals,Delhi Capitals,Mumbai Indians,bat,Delhi Capitals,1,1,0
1136616,2018,2018,Maharashtra Cricket Association Stadium,Chennai Super Kings,Punjab Kings,Chennai Super Kings,field,Chennai Super Kings,1,0,1
1136617,2018,2018,Wankhede Stadium,Chennai Super Kings,Sunrisers Hyderabad,Chennai Super Kings,field,Chennai Super Kings,1,0,1
1136618,2018,2018,Eden Gardens,Rajasthan Royals,Kolkata Knight Riders,Rajasthan Royals,field,Kolkata Knight Riders,0,0,0
1136619,2018,2018,Eden Gardens,Kolkata Knight Riders,Sunrisers Hyderabad,Kolkata Knight Riders,field,Sunrisers Hyderabad,0,0,0
1136620,2018,2018,Wankhede Stadium,Chennai Super Kings,Sunrisers Hyderabad,Chennai Super Kings,field,Chennai Super Kings,1,0,1
1175356,2019,2019,MA Chidambaram Stadium,Chennai Super Kings,Royal Challengers Bangalore,Chennai Super Kings,field,Chennai Super Kings,1,0,1
1175357,2019,2019,Eden Gardens,Kolkata Knight Riders,Sunrisers Hyderabad,Kolkata Knight Riders,field,Kolkata Knight Riders,1,0,1
1175358,2019,2019,Wankhede Stadium,Mumbai Indians,Delhi Capitals,Mumbai Indians,field,Delhi Capitals,0,0,0
1175359,2019,2019,Sawai Mansingh Stadium,Rajasthan Royals,Punjab Kings,Rajasthan Royals,field,Punjab Kings,0,0,0
1175360,2019,2019,Arun Jaitley Stadium,Delhi Capitals,Delhi Capitals,Chennai Super Kings,bat,Chennai Super Kings,0,0,0
1175361,2019,2019,Eden Gardens,Punjab Kings,Kolkata Knight Riders,Punjab Kings,field,Kolkata Knight Riders,0,0,0
1175362,2019,2019,M.Chinnaswamy Stadium,Royal Challengers Bangalore,Mumbai Indians,Royal Challengers Bangalore,field,Mumbai Indians,0,0,0
1175363,2019,2019,Rajiv Gandhi International Stadium,Rajasthan Royals,Rajasthan Royals,Sunrisers Hyderabad,bat,Sunrisers Hyderabad,0,0,0
1175364,2019,2019,Punjab Cricket Association IS Bindra Stadium,Punjab Kings,Mumbai Indians,Punjab Kings,field,Punjab Kings,1,0,1
1175365,2019,2019,Arun Jaitley Stadium,Delhi Capitals,Kolkata Knight Riders,Delhi Capitals,field,Delhi Capitals,1,0,1
1175366,2019,2019,Rajiv Gandhi International Stadium,Royal Challengers Bangalore,Sunrisers Hyderabad,Royal Challengers Bangalore,field,Sunrisers Hyderabad,0,0,0
1175367,2019,2019,MA Chidambaram Stadium,Rajasthan Royals,Chennai Super Kings,Rajasthan Royals,field,Chennai Super Kings,0,0,0
1175368,2019,2019,Punjab Cricket Association IS Bindra Stadium,Delhi Capitals,Punjab Kings,Delhi Capitals,field,Punjab Kings,0,0,0
1175369,2019,2019,Sawai Mansingh Stadium,Rajasthan Royals,Royal Challengers Bangalore,Rajasthan Royals,field,Rajasthan Royals,1,0,1
1175370,2019,2019,Wankhede Stadium,Chennai Super Kings,Mumbai Indians,Chennai Super Kings,field,Mumbai Indians,0,0,0
1175371,2019,2019,Arun Jaitley Stadium,Sunrisers Hyderabad,Delhi Capitals,Sunrisers Hyderabad,field,Sunrisers Hyderabad,1,0,1
1175372,2019,2019,M.Chinnaswamy Stadium,Kolkata Knight Riders,Royal Challengers Bangalore,Kolkata Knight Riders,field,Kolkata Knight Riders,1,0,1
1178393,2019,2019,MA Chidambaram Stadium,Chennai Super Kings,Chennai Super Kings,Punjab Kings,bat,Chennai Super Kings,1,1,0
1178394,2019,2019,Rajiv Gandhi International Stadium,Sunrisers Hyderabad,Mumbai Indians,Sunrisers Hyderabad,field,Mumbai Indians,0,0,0
1178395,2019,2019,M.Chinnaswamy Stadium,Delhi Capitals,Royal Challengers Bangalore,Delhi Capitals,field,Delhi Capitals,1,0,1
1178396,2019,2019,Sawai Mansingh Stadium,Kolkata Knight Riders,Rajasthan Royals,Kolkata Knight Riders,field,Kolkata Knight Riders,1,0,1
1178397,2019,2019,Punjab Cricket Association IS Bindra Stadium,Punjab Kings,Sunrisers Hyderabad,Punjab Kings,field,Punjab Kings,1,0,1
1178398,2019,2019,MA Chidambaram Stadium,Chennai Super Kings,Kolkata Knight Riders,Chennai Super Kings,field,Chennai Super Kings,1,0,1
1178399,2019,2019,Wankhede Stadium,Mumbai Indians,Punjab Kings,Mumbai Indians,field,Mumbai Indians,1,0,1
1178400,2019,2019,Sawai Mansingh Stadium,Chennai Super Kings,Rajasthan Royals,Chennai Super Kings,field,Chennai Super Kings,1,0,1
1178401,2019,2019,Eden Gardens,Delhi Capitals,Kolkata Knight Riders,Delhi Capitals,field,Delhi Capitals,1,0,1
1178402,2019,2019,Wankhede Stadium,Rajasthan Royals,Mumbai Indians,Rajasthan Royals,field,Rajasthan Royals,1,0,1
1178403,2019,2019,Punjab Cricket Association IS Bindra Stadium,Royal Challengers Bangalore,Punjab Kings,Royal Challengers Bangalore,field,Royal Challengers Bangalore,1,0,1
1178404,2019,2019,Eden Gardens,Chennai Super Kings,Kolkata Knight Riders,Chennai Super Kings,field,Chennai Super Kings,1,0,1
1178405,2019,2019,Rajiv Gandhi International Stadium,Sunrisers Hyderabad,Delhi Capitals,Sunrisers Hyderabad,field,Delhi Capitals,0,0,0
1178406,2019,2019,Wankhede Stadium,Mumbai Indians,Royal Challengers Bangalore,Mumbai Indians,field,Mumbai Indians,1,0,1
1178407,2019,2019,Punjab Cricket Association IS Bindra Stadium,Rajasthan Royals,Punjab Kings,Rajasthan Royals,field,Punjab Kings,0,0,0
1178408,2019,2019,Rajiv Gandhi International Stadium,Chennai Super Kings,Chennai Super Kings,Sunrisers Hyderabad,bat,Sunrisers Hyderabad,0,0,0
1178409,2019,2019,Arun Jaitley Stadium,Mumbai Indians,Mumbai Indians,Delhi Capitals,bat,Mumbai Indians,1,1,0
1178410,2019,2019,Eden Gardens,Kolkata Knight Riders,Royal Challengers Bangalore,Kolkata Knight Riders,field,Royal Challengers Bangalore,0,0,0
1178411,2019,2019,Sawai Mansingh Stadium,Rajasthan Royals,Mumbai Indians,Rajasthan Royals,field,Rajasthan Royals,1,0,1
1178412,2019,2019,Arun Jaitley Stadium,Delhi Capitals,Punjab Kings,Delhi Capitals,field,Delhi Capitals,1,0,1
1178413,2019,2019,Rajiv Gandhi International Stadium,Sunrisers Hyderabad,Kolkata Knight Riders,Sunrisers Hyderabad,field,Sunrisers Hyderabad,1,0,1
1178414,2019,2019,M.Chinnaswamy Stadium,Chennai Super Kings,Royal Challengers Bangalore,Chennai Super Kings,field,Royal Challengers Bangalore,0,0,0
1178415,2019,2019,Sawai Mansingh Stadium,Delhi Capitals,Rajasthan Royals,Delhi Capitals,field,Delhi Capitals,1,0,1
1178416,2019,2019,MA Chidambaram Stadium,Chennai Super Kings,Sunrisers Hyderabad,Chennai Super Kings,field,Chennai Super Kings,1,0,1
1178417,2019,2019,M.Chinnaswamy Stadium,Punjab Kings,Royal Challengers Bangalore,Punjab Kings,field,Royal Challengers Bangalore,0,0,0
1178418,2019,2019,Eden Gardens,Rajasthan Royals,Kolkata Knight Riders,Rajasthan Royals,field,Rajasthan Royals,1,0,1
1178419,2019,2019,MA Chidambaram Stadium,Chennai Super Kings,Mumbai Indians,Chennai Super Kings,field,Mumbai Indians,0,0,0
1178420,2019,2019,Sawai Mansingh Stadium,Rajasthan Royals,Sunrisers Hyderabad,Rajasthan Royals,field,Rajasthan Royals,1,0,1
1178421,2019,2019,Arun Jaitley Stadium,Delhi Capitals,Delhi Capitals,Royal Challengers Bangalore,bat,Delhi Capitals,1,1,0
1178422,2019,2019,Eden Gardens,Mumbai Indians,Kolkata Knight Riders,Mumbai Indians,field,Kolkata Knight Riders,0,0,0
1178423,2019,2019,Rajiv Gandhi International Stadium,Punjab Kings,Sunrisers Hyderabad,Punjab Kings,field,Sunrisers Hyderabad,0,0,0
1178425,2019,2019,MA Chidambaram Stadium,Delhi Capitals,Chennai Super Kings,Delhi Capitals,field,Chennai Super Kings,0,0,0
1178426,2019,2019,Wankhede Stadium,Mumbai Indians,Mumbai Indians,Sunrisers Hyderabad,bat,Sunrisers Hyderabad,0,0,0
1178427,2019,2019,Punjab Cricket Association IS Bindra Stadium,Kolkata Knight Riders,Punjab Kings,Kolkata Knight Riders,field,Kolkata Knight Riders,1,0,1
1178428,2019,2019,Arun Jaitley Stadium,Rajasthan Royals,Rajasthan Royals,Delhi Capitals,bat,Delhi Capitals,0,0,0
1178429,2019,2019,M.Chinnaswamy Stadium,Royal Challengers Bangalore,Sunrisers Hyderabad,Royal Challengers Bangalore,field,Royal Challengers Bangalore,1,0,1
1178430,2019,2019,Punjab Cricket Association IS Bindra Stadium,Punjab Kings,Chennai Super Kings,Punjab Kings,field,Punjab Kings,1,0,1
1178431,2019,2019,Wankhede Stadium,Mumbai Indians,Kolkata Knight Riders,Mumbai Indians,field,Mumbai Indians,1,0,1
1181764,2019,2019,MA Chidambaram Stadium,Chennai Super Kings,Chennai Super Kings,Mumbai Indians,bat,Mumbai Indians,0,0,0
1181766,2019,2019,Dr. Y.S. Rajasekhara Reddy ACA-VDCA Cricket Stadium,Delhi Capitals,Sunrisers Hyderabad,Delhi Capitals,field,Delhi Capitals,1,0,1
1181767,2019,2019,Dr. Y.S. Rajasekhara Reddy ACA-VDCA Cricket Stadium,Chennai Super Kings,Delhi Capitals,Chennai Super Kings,field,Chennai Super Kings,1,0,1
1181768,2019,2019,Rajiv Gandhi International Stadium,Mumbai Indians,Mumbai Indians,Chennai Super Kings,bat,Mumbai Indians,1,1,0
1216492,2020,2020,Sheikh Zayed Stadium,Chennai Super Kings,Mumbai Indians,Chennai Super Kings,field,Chennai Super Kings,1,0,1
1216493,2020,2020,Dubai International Cricket Stadium,Punjab Kings,Delhi Capitals,Punjab Kings,field,Punjab Kings,1,0,1
1216494,2020,2020,Sheikh Zayed Stadium,Kolkata Knight Riders,Kolkata Knight Riders,Royal Challengers Bangalore,bat,Royal Challengers Bangalore,0,0,0
1216495,2020,2020,Sharjah Cricket Stadium,Sunrisers Hyderabad,Mumbai Indians,Sunrisers Hyderabad,field,Sunrisers Hyderabad,1,0,1
1216496,2020,2020,Sharjah Cricket Stadium,Chennai Super Kings,Rajasthan Royals,Chennai Super Kings,field,Rajasthan Royals,0,0,0
1216497,2020,2020,Sheikh Zayed Stadium,Delhi Capitals,Kolkata Knight Riders,Delhi Capitals,field,Kolkata Knight Riders,0,0,0
1216498,2020,2020,Dubai International Cricket Stadium,Sunrisers Hyderabad,Punjab Kings,Sunrisers Hyderabad,field,Punjab Kings,0,0,0
1216499,2020,2020,Sheikh Zayed Stadium,Mumbai Indians,Royal Challengers Bangalore,Mumbai Indians,field,Mumbai Indians,1,0,1
1216500,2020,2020,Sharjah Cricket Stadium,Rajasthan Royals,Delhi Capitals,Rajasthan Royals,field,Delhi Capitals,0,0,0
1216501,2020,2020,Sheikh Zayed Stadium,Kolkata Knight Riders,Kolkata Knight Riders,Chennai Super Kings,bat,Kolkata Knight Riders,1,1,0
1216502,2020,2020,Sharjah Cricket Stadium,Sunrisers Hyderabad,Royal Challengers Bangalore,Sunrisers Hyderabad,field,Sunrisers Hyderabad,1,0,1
1216503,2020,2020,Sheikh Zayed Stadium,Punjab Kings,Mumbai Indians,Punjab Kings,field,Mumbai Indians,0,0,0
1216504,2020,2020,Dubai International Cricket Stadium,Rajasthan Royals,Kolkata Knight Riders,Rajasthan Royals,field,Kolkata Knight Riders,0,0,0
1216505,2020,2020,Sheikh Zayed Stadium,Delhi Capitals,Royal Challengers Bangalore,Delhi Capitals,field,Delhi Capitals,1,0,1
1216506,2020,2020,Sheikh Zayed Stadium,Chennai Super Kings,Punjab Kings,Chennai Super Kings,field,Chennai Super Kings,1,0,1
1216507,2020,2020,Dubai International Cricket Stadium,Sunrisers Hyderabad,Sunrisers Hyderabad,Rajasthan Royals,bat,Rajasthan Royals,0,0,0
1216508,2020,2020,Sheikh Zayed Stadium,Kolkata Knight Riders,Mumbai Indians,Kolkata Knight Riders,field,Mumbai Indians,0,0,0
1216509,2020,2020,Sharjah Cricket Stadium,Chennai Super Kings,Chennai Super Kings,Delhi Capitals,bat,Delhi Capitals,0,0,0
1216510,2020,2020,Dubai International Cricket Stadium,Royal Challengers Bangalore,Punjab Kings,Royal Challengers Bangalore,field,Punjab Kings,0,0,0
1216511,2020,2020,Sheikh Zayed Stadium,Mumbai Indians,Mumbai Indians,Rajasthan Royals,bat,Mumbai Indians,1,1,0
1216512,2020,2020,Sheikh Zayed Stadium,Sunrisers Hyderabad,Kolkata Knight Riders,Sunrisers Hyderabad,field,Sunrisers Hyderabad,1,0,1
1216513,2020,2020,Dubai International Cricket Stadium,Punjab Kings,Punjab Kings,Chennai Super Kings,bat,Chennai Super Kings,0,0,0
1216514,2020,2020,Sheikh Zayed Stadium,Rajasthan Royals,Rajasthan Royals,Royal Challengers Bangalore,bat,Royal Challengers Bangalore,0,0,0
1216515,2020,2020,Sharjah Cricket Stadium,Kolkata Knight Riders,Delhi Capitals,Kolkata Knight Riders,field,Delhi Capitals,0,0,0
1216516,2020,2020,Dubai International Cricket Stadium,Sunrisers Hyderabad,Sunrisers Hyderabad,Chennai Super Kings,bat,Sunrisers Hyderabad,1,1,0
1216517,2020,2020,Dubai International Cricket Stadium,Mumbai Indians,Mumbai Indians,Punjab Kings,bat,Punjab Kings,0,0,0
1216518,2020,2020,Dubai International Cricket Stadium,Sunrisers Hyderabad,Rajasthan Royals,Sunrisers Hyderabad,field,Sunrisers Hyderabad,1,0,1
1216519,2020,2020,Dubai International Cricket Stadium,Royal Challengers Bangalore,Delhi Capitals,Royal Challengers Bangalore,field,Delhi Capitals,0,0,0
1216520,2020,2020,Sharjah Cricket Stadium,Punjab Kings,Kolkata Knight Riders,Punjab Kings,field,Punjab Kings,1,0,1
1216521,2020,2020,Sharjah Cricket Stadium,Mumbai Indians,Chennai Super Kings,Mumbai Indians,field,Mumbai Indians,1,0,1
1216522,2020,2020,Dubai International Cricket Stadium,Rajasthan Royals,Rajasthan Royals,Royal Challengers Bangalore,bat,Royal Challengers Bangalore,0,0,0
1216523,2020,2020,Sheikh Zayed Stadium,Kolkata Knight Riders,Kolkata Knight Riders,Punjab Kings,bat,Kolkata Knight Riders,1,1,0
1216524,2020,2020,Dubai International Cricket Stadium,Delhi Capitals,Sunrisers Hyderabad,Delhi Capitals,field,Sunrisers Hyderabad,0,0,0
1216525,2020,2020,Dubai International Cricket Stadium,Royal Challengers Bangalore,Royal Challengers Bangalore,Chennai Super Kings,bat,Royal Challengers Bangalore,1,1,0
1216526,2020,2020,Sheikh Zayed Stadium,Kolkata Knight Riders,Kolkata Knight Riders,Mumbai Indians,bat,Mumbai Indians,0,0,0
1216527,2020,2020,Sharjah Cricket Stadium,Rajasthan Royals,Punjab Kings,Rajasthan Royals,field,Rajasthan Royals,1,0,1
1216528,2020,2020,Dubai International Cricket Stadium,Chennai Super Kings,Chennai Super Kings,Sunrisers Hyderabad,bat,Chennai Super Kings,1,1,0
1216529,2020,2020,Sheikh Zayed Stadium,Delhi Capitals,Delhi Capitals,Mumbai Indians,bat,Mumbai Indians,0,0,0
1216530,2020,2020,Dubai International Cricket Stadium,Rajasthan Royals,Kolkata Knight Riders,Rajasthan Royals,field,Kolkata Knight Riders,0,0,0
1216531,2020,2020,Sharjah Cricket Stadium,Royal Challengers Bangalore,Royal Challengers Bangalore,Punjab Kings,bat,Punjab Kings,0,0,0
1216532,2020,2020,Sheikh Zayed Stadium,Delhi Capitals,Sunrisers Hyderabad,Delhi Capitals,field,Sunrisers Hyderabad,0,0,0
1216533,2020,2020,Sheikh Zayed Stadium,Chennai Super Kings,Chennai Super Kings,Rajasthan Royals,bat,Rajasthan Royals,0,0,0
1216534,2020,2020,Dubai International Cricket Stadium,Sunrisers Hyderabad,Royal Challengers Bangalore,Sunrisers Hyderabad,field,Royal Challengers Bangalore,0,0,0
1216535,2020,2020,Dubai International Cricket Stadium,Mumbai Indians,Delhi Capitals,Mumbai Indians,field,Mumbai Indians,1,0,1
1216536,2020,2020,Dubai International Cricket Stadium,Chennai Super Kings,Kolkata Knight Riders,Chennai Super Kings,field,Chennai Super Kings,1,0,1
1216537,2020,2020,Sheikh Zayed Stadium,Rajasthan Royals,Punjab Kings,Rajasthan Royals,field,Rajasthan Royals,1,0,1
1216538,2020,2020,Sharjah Cricket Stadium,Mumbai Indians,Mumbai Indians,Sunrisers Hyderabad,bat,Mumbai Indians,1,1,0
1216539,2020,2020,Dubai International Cricket Stadium,Chennai Super Kings,Delhi Capitals,Chennai Super Kings,field,Delhi Capitals,0,0,0
1216540,2020,2020,Sharjah Cricket Stadium,Royal Challengers Bangalore,Royal Challengers Bangalore,Kolkata Knight Riders,bat,Royal Challengers Bangalore,1,1,0
1216541,2020,2020,Sheikh Zayed Stadium,Mumbai Indians,Mumbai Indians,Rajasthan Royals,bat,Rajasthan Royals,0,0,0
1216542,2020,2020,Dubai International Cricket Stadium,Sunrisers Hyderabad,Sunrisers Hyderabad,Punjab Kings,bat,Sunrisers Hyderabad,1,1,0
1216543,2020,2020,Dubai International Cricket Stadium,Delhi Capitals,Delhi Capitals,Rajasthan Royals,bat,Delhi Capitals,1,1,0
1216544,2020,2020,Dubai International Cricket Stadium,Royal Challengers Bangalore,Royal Challengers Bangalore,Chennai Super Kings,bat,Chennai Super Kings,0,0,0
1216545,2020,2020,Sheikh Zayed Stadium,Sunrisers Hyderabad,Sunrisers Hyderabad,Kolkata Knight Riders,bat,Kolkata Knight Riders,0,0,0
1216546,2020,2020,Dubai International Cricket Stadium,Delhi Capitals,Delhi Capitals,Punjab Kings,bat,Punjab Kings,0,0,0
1216547,2020,2020,Dubai International Cricket Stadium,Mumbai Indians,Royal Challengers Bangalore,Mumbai Indians,field,Mumbai Indians,1,0,1
1237177,2020,2020,Dubai International Cricket Stadium,Delhi Capitals,Mumbai Indians,Delhi Capitals,field,Mumbai Indians,0,0,0
1237178,2020,2020,Sheikh Zayed Stadium,Sunrisers Hyderabad,Royal Challengers Bangalore,Sunrisers Hyderabad,field,Sunrisers Hyderabad,1,0,1
1237180,2020,2020,Sheikh Zayed Stadium,Delhi Capitals,Delhi Capitals,Sunrisers Hyderabad,bat,Delhi Capitals,1,1,0
1237181,2020,2020,Dubai International Cricket Stadium,Delhi Capitals,Delhi Capitals,Mumbai Indians,bat,Mumbai Indians,0,0,0
1254058,2021,2021,"MA Chidambaram Stadium, Chepauk, Chennai",Royal Challengers Bangalore,Mumbai Indians,Royal Challengers Bangalore,field,Royal Challengers Bangalore,1,0,1
1254059,2021,2021,"Wankhede Stadium, Mumbai",Delhi Capitals,Chennai Super Kings,Delhi Capitals,field,Delhi Capitals,1,0,1
1254060,2021,2021,"MA Chidambaram Stadium, Chepauk, Chennai",Sunrisers Hyderabad,Kolkata Knight Riders,Sunrisers Hyderabad,field,Kolkata Knight Riders,0,0,0
1254061,2021,2021,"Wankhede Stadium, Mumbai",Rajasthan Royals,Punjab Kings,Rajasthan Royals,field,Punjab Kings,0,0,0
1254062,2021,2021,"MA Chidambaram Stadium, Chepauk, Chennai",Kolkata Knight Riders,Mumbai Indians,Kolkata Knight Riders,field,Mumbai Indians,0,0,0
1254063,2021,2021,"MA Chidambaram Stadium, Chepauk, Chennai",Sunrisers Hyderabad,Royal Challengers Bangalore,Sunrisers Hyderabad,field,Royal Challengers Bangalore,0,0,0
1254064,2021,2021,"Wankhede Stadium, Mumbai",Rajasthan Royals,Delhi Capitals,Rajasthan Royals,field,Rajasthan Royals,1,0,1
1254065,2021,2021,"Wankhede Stadium, Mumbai",Chennai Super Kings,Punjab Kings,Chennai Super Kings,field,Chennai Super Kings,1,0,1
1254066,2021,2021,"MA Chidambaram Stadium, Chepauk, Chennai",Mumbai Indians,Mumbai Indians,Sunrisers Hyderabad,bat,Mumbai Indians,1,1,0
1254067,2021,2021,"MA Chidambaram Stadium, Chepauk, Chennai",Royal Challengers Bangalore,Royal Challengers Bangalore,Kolkata Knight Riders,bat,Royal Challengers Bangalore,1,1,0
1254068,2021,2021,"Wankhede Stadium, Mumbai",Delhi Capitals,Punjab Kings,Delhi Capitals,field,Delhi Capitals,1,0,1
1254069,2021,2021,"Wankhede Stadium, Mumbai",Rajasthan Royals,Chennai Super Kings,Rajasthan Royals,field,Chennai Super Kings,0,0,0
1254070,2021,2021,"MA Chidambaram Stadium, Chepauk, Chennai",Mumbai Indians,Mumbai Indians,Delhi Capitals,bat,Delhi Capitals,0,0,0
1254071,2021,2021,"MA Chidambaram Stadium, Chepauk, Chennai",Punjab Kings,Punjab Kings,Sunrisers Hyderabad,bat,Sunrisers Hyderabad,0,0,0
1254072,2021,2021,"Wankhede Stadium, Mumbai",Kolkata Knight Riders,Chennai Super Kings,Kolkata Knight Riders,field,Chennai Super Kings,0,0,0
1254073,2021,2021,"Wankhede Stadium, Mumbai",Royal Challengers Bangalore,Rajasthan Royals,Royal Challengers Bangalore,field,Royal Challengers Bangalore,1,0,1
1254074,2021,2021,"MA Chidambaram Stadium, Chepauk, Chennai",Punjab Kings,Mumbai Indians,Punjab Kings,field,Punjab Kings,1,0,1
1254075,2021,2021,"Wankhede Stadium, Mumbai",Rajasthan Royals,Kolkata Knight Riders,Rajasthan Royals,field,Rajasthan Royals,1,0,1
1254076,2021,2021,"Wankhede Stadium, Mumbai",Chennai Super Kings,Chennai Super Kings,Royal Challengers Bangalore,bat,Chennai Super Kings,1,1,0
1254077,2021,2021,"MA Chidambaram Stadium, Chepauk, Chennai",Delhi Capitals,Delhi Capitals,Sunrisers Hyderabad,bat,Sunrisers Hyderabad,0,0,0
1254078,2021,2021,"Narendra Modi Stadium, Ahmedabad",Kolkata Knight Riders,Punjab Kings,Kolkata Knight Riders,field,Kolkata Knight Riders,1,0,1
1254079,2021,2021,"Narendra Modi Stadium, Ahmedabad",Delhi Capitals,Royal Challengers Bangalore,Delhi Capitals,field,Royal Challengers Bangalore,0,0,0
1254080,2021,2021,"Arun Jaitley Stadium, Delhi",Sunrisers Hyderabad,Sunrisers Hyderabad,Chennai Super Kings,bat,Chennai Super Kings,0,0,0
1254081,2021,2021,"Arun Jaitley Stadium, Delhi",Mumbai Indians,Rajasthan Royals,Mumbai Indians,field,Mumbai Indians,1,0,1
1254082,2021,2021,"Narendra Modi Stadium, Ahmedabad",Delhi Capitals,Kolkata Knight Riders,Delhi Capitals,field,Delhi Capitals,1,0,1
1254083,2021,2021,"Narendra Modi Stadium, Ahmedabad",Royal Challengers Bangalore,Punjab Kings,Royal Challengers Bangalore,field,Punjab Kings,0,0,0
1254084,2021,2021,"Arun Jaitley Stadium, Delhi",Mumbai Indians,Chennai Super Kings,Mumbai Indians,field,Mumbai Indians,1,0,1
1254085,2021,2021,"Arun Jaitley Stadium, Delhi",Sunrisers Hyderabad,Rajasthan Royals,Sunrisers Hyderabad,field,Rajasthan Royals,0,0,0
1254086,2021,2021,"Narendra Modi Stadium, Ahmedabad",Delhi Capitals,Punjab Kings,Delhi Capitals,field,Delhi Capitals,1,0,1
1254087,2021,2021,"Zayed Cricket Stadium, Abu Dhabi",Royal Challengers Bangalore,Royal Challengers Bangalore,Kolkata Knight Riders,bat,Kolkata Knight Riders,0,0,0
1254088,2021,2021,"Zayed Cricket Stadium, Abu Dhabi",Mumbai Indians,Mumbai Indians,Sunrisers Hyderabad,bat,Mumbai Indians,1,1,0
1254089,2021,2021,"Zayed Cricket Stadium, Abu Dhabi",Rajasthan Royals,Chennai Super Kings,Rajasthan Royals,field,Rajasthan Royals,1,0,1
1254090,2021,2021,Sharjah Cricket Stadium,Royal Challengers Bangalore,Royal Challengers Bangalore,Punjab Kings,bat,Royal Challengers Bangalore,1,1,0
1254091,2021,2021,Sharjah Cricket Stadium,Chennai Super Kings,Sunrisers Hyderabad,Chennai Super Kings,field,Chennai Super Kings,1,0,1
1254092,2021,2021,Sharjah Cricket Stadium,Kolkata Knight Riders,Delhi Capitals,Kolkata Knight Riders,field,Kolkata Knight Riders,1,0,1
1254093,2021,2021,Sharjah Cricket Stadium,Mumbai Indians,Rajasthan Royals,Mumbai Indians,field,Mumbai Indians,1,0,1
1254094,2021,2021,Dubai International Cricket Stadium,Punjab Kings,Chennai Super Kings,Punjab Kings,field,Punjab Kings,1,0,1
1254095,2021,2021,"Zayed Cricket Stadium, Abu Dhabi",Royal Challengers Bangalore,Sunrisers Hyderabad,Royal Challengers Bangalore,field,Sunrisers Hyderabad,0,0,0
1254096,2021,2021,"Zayed Cricket Stadium, Abu Dhabi",Kolkata Knight Riders,Mumbai Indians,Kolkata Knight Riders,field,Kolkata Knight Riders,1,0,1
1254097,2021,2021,"Zayed Cricket Stadium, Abu Dhabi",Rajasthan Royals,Delhi Capitals,Rajasthan Royals,field,Delhi Capitals,0,0,0
1254098,2021,2021,"Zayed Cricket Stadium, Abu Dhabi",Kolkata Knight Riders,Kolkata Knight Riders,Chennai Super Kings,bat,Chennai Super Kings,0,0,0
1254099,2021,2021,"Zayed Cricket Stadium, Abu Dhabi",Mumbai Indians,Punjab Kings,Mumbai Indians,field,Mumbai Indians,1,0,1
1254100,2021,2021,Dubai International Cricket Stadium,Rajasthan Royals,Rajasthan Royals,Sunrisers Hyderabad,bat,Sunrisers Hyderabad,0,0,0
1254101,2021,2021,Dubai International Cricket Stadium,Royal Challengers Bangalore,Delhi Capitals,Royal Challengers Bangalore,field,Royal Challengers Bangalore,1,0,1
1254102,2021,2021,Dubai International Cricket Stadium,Punjab Kings,Kolkata Knight Riders,Punjab Kings,field,Punjab Kings,1,0,1
1254103,2021,2021,Dubai International Cricket Stadium,Royal Challengers Bangalore,Rajasthan Royals,Royal Challengers Bangalore,field,Royal Challengers Bangalore,1,0,1
1254104,2021,2021,Dubai International Cricket Stadium,Chennai Super Kings,Chennai Super Kings,Mumbai Indians,bat,Chennai Super Kings,1,1,0
1254105,2021,2021,Dubai International Cricket Stadium,Sunrisers Hyderabad,Sunrisers Hyderabad,Delhi Capitals,bat,Delhi Capitals,0,0,0
1254106,2021,2021,Sharjah Cricket Stadium,Rajasthan Royals,Kolkata Knight Riders,Rajasthan Royals,field,Kolkata Knight Riders,0,0,0
1254107,2021,2021,Sharjah Cricket Stadium,Sunrisers Hyderabad,Punjab Kings,Sunrisers Hyderabad,field,Punjab Kings,0,0,0
1254108,2021,2021,Dubai International Cricket Stadium,Mumbai Indians,Royal Challengers Bangalore,Mumbai Indians,field,Royal Challengers Bangalore,0,0,0
1254109,2021,2021,Dubai International Cricket Stadium,Sunrisers Hyderabad,Sunrisers Hyderabad,Kolkata Knight Riders,bat,Kolkata Knight Riders,0,0,0
1254110,2021,2021,Dubai International Cricket Stadium,Delhi Capitals,Chennai Super Kings,Delhi Capitals,field,Delhi Capitals,1,0,1
1254111,2021,2021,Dubai International Cricket Stadium,Punjab Kings,Rajasthan Royals,Punjab Kings,field,Rajasthan Royals,0,0,0
1254112,2021,2021,Sharjah Cricket Stadium,Delhi Capitals,Mumbai Indians,Delhi Capitals,field,Delhi Capitals,1,0,1
1254113,2021,2021,Sharjah Cricket Stadium,Chennai Super Kings,Royal Challengers Bangalore,Chennai Super Kings,field,Chennai Super Kings,1,0,1
1254114,2021,2021,Dubai International Cricket Stadium,Chennai Super Kings,Delhi Capitals,Chennai Super Kings,field,Chennai Super Kings,1,0,1
1254115,2021,2021,Sharjah Cricket Stadium,Royal Challengers Bangalore,Royal Challengers Bangalore,Kolkata Knight Riders,bat,Kolkata Knight Riders,0,0,0
1254116,2021,2021,Sharjah Cricket Stadium,Kolkata Knight Riders,Delhi Capitals,Kolkata Knight Riders,field,Kolkata Knight Riders,1,0,1
1254117,2021,2021,Dubai International Cricket Stadium,Kolkata Knight Riders,Chennai Super Kings,Kolkata Knight Riders,field,Chennai Super Kings,0,0,0
1304047,2022,2022,"Wankhede Stadium, Mumbai",Kolkata Knight Riders,Chennai Super Kings,Kolkata Knight Riders,field,Kolkata Knight Riders,1,0,1
1304048,2022,2022,"Brabourne Stadium, Mumbai",Delhi Capitals,Mumbai Indians,Delhi Capitals,field,Delhi Capitals,1,0,1
1304049,2022,2022,"Dr DY Patil Sports Academy, Mumbai",Punjab Kings,Royal Challengers Bangalore,Punjab Kings,field,Punjab Kings,1,0,1
1304050,2022,2022,"Wankhede Stadium, Mumbai",Gujarat Titans,Lucknow Super Giants,Gujarat Titans,field,Gujarat Titans,1,0,1
1304051,2022,2022,"Maharashtra Cricket Association Stadium, Pune",Sunrisers Hyderabad,Rajasthan Royals,Sunrisers Hyderabad,field,Rajasthan Royals,0,0,0
1304052,2022,2022,"Dr DY Patil Sports Academy, Mumbai",Royal Challengers Bangalore,Kolkata Knight Riders,Royal Challengers Bangalore,field,Royal Challengers Bangalore,1,0,1
1304053,2022,2022,"Brabourne Stadium, Mumbai",Lucknow Super Giants,Chennai Super Kings,Lucknow Super Giants,field,Lucknow Super Giants,1,0,1
1304054,2022,2022,"Wankhede Stadium, Mumbai",Kolkata Knight Riders,Punjab Kings,Kolkata Knight Riders,field,Kolkata Knight Riders,1,0,1
1304055,2022,2022,"Dr DY Patil Sports Academy, Mumbai",Mumbai Indians,Rajasthan Royals,Mumbai Indians,field,Rajasthan Royals,0,0,0
1304056,2022,2022,"Maharashtra Cricket Association Stadium, Pune",Delhi Capitals,Gujarat Titans,Delhi Capitals,field,Gujarat Titans,0,0,0
1304057,2022,2022,"Brabourne Stadium, Mumbai",Chennai Super Kings,Punjab Kings,Chennai Super Kings,field,Punjab Kings,0,0,0
1304058,2022,2022,"Dr DY Patil Sports Academy, Mumbai",Sunrisers Hyderabad,Lucknow Super Giants,Sunrisers Hyderabad,field,Lucknow Super Giants,0,0,0
1304059,2022,2022,"Wankhede Stadium, Mumbai",Royal Challengers Bangalore,Rajasthan Royals,Royal Challengers Bangalore,field,Royal Challengers Bangalore,1,0,1
1304060,2022,2022,"Maharashtra Cricket Association Stadium, Pune",Kolkata Knight Riders,Mumbai Indians,Kolkata Knight Riders,field,Kolkata Knight Riders,1,0,1
1304061,2022,2022,"Dr DY Patil Sports Academy, Mumbai",Lucknow Super Giants,Delhi Capitals,Lucknow Super Giants,field,Lucknow Super Giants,1,0,1
1304062,2022,2022,"Brabourne Stadium, Mumbai",Gujarat Titans,Punjab Kings,Gujarat Titans,field,Gujarat Titans,1,0,1
1304063,2022,2022,"Dr DY Patil Sports Academy, Mumbai",Sunrisers Hyderabad,Chennai Super Kings,Sunrisers Hyderabad,field,Sunrisers Hyderabad,1,0,1
1304064,2022,2022,"Maharashtra Cricket Association Stadium, Pune",Royal Challengers Bangalore,Mumbai Indians,Royal Challengers Bangalore,field,Royal Challengers Bangalore,1,0,1
1304065,2022,2022,"Brabourne Stadium, Mumbai",Kolkata Knight Riders,Delhi Capitals,Kolkata Knight Riders,field,Delhi Capitals,0,0,0
1304066,2022,2022,"Wankhede Stadium, Mumbai",Lucknow Super Giants,Rajasthan Royals,Lucknow Super Giants,field,Rajasthan Royals,0,0,0
1304067,2022,2022,"Dr DY Patil Sports Academy, Mumbai",Sunrisers Hyderabad,Gujarat Titans,Sunrisers Hyderabad,field,Sunrisers Hyderabad,1,0,1
1304068,2022,2022,"Dr DY Patil Sports Academy, Mumbai",Royal Challengers Bangalore,Chennai Super Kings,Royal Challengers Bangalore,field,Chennai Super Kings,0,0,0
1304069,2022,2022,"Maharashtra Cricket Association Stadium, Pune",Mumbai Indians,Punjab Kings,Mumbai Indians,field,Punjab Kings,0,0,0
1304070,2022,2022,"Dr DY Patil Sports Academy, Mumbai",Rajasthan Royals,Gujarat Titans,Rajasthan Royals,field,Gujarat Titans,0,0,0
1304071,2022,2022,"Brabourne Stadium, Mumbai",Sunrisers Hyderabad,Kolkata Knight Riders,Sunrisers Hyderabad,field,Sunrisers Hyderabad,1,0,1
1304072,2022,2022,"Brabourne Stadium, Mumbai",Mumbai Indians,Lucknow Super Giants,Mumbai Indians,field,Lucknow Super Giants,0,0,0
1304073,2022,2022,"Wankhede Stadium, Mumbai",Delhi Capitals,Royal Challengers Bangalore,Delhi Capitals,field,Royal Challengers Bangalore,0,0,0
1304074,2022,2022,"Dr DY Patil Sports Academy, Mumbai",Sunrisers Hyderabad,Punjab Kings,Sunrisers Hyderabad,field,Sunrisers Hyderabad,1,0,1
1304075,2022,2022,"Maharashtra Cricket Association Stadium, Pune",Gujarat Titans,Chennai Super Kings,Gujarat Titans,field,Gujarat Titans,1,0,1
1304076,2022,2022,"Brabourne Stadium, Mumbai",Kolkata Knight Riders,Rajasthan Royals,Kolkata Knight Riders,field,Rajasthan Royals,0,0,0
1304077,2022,2022,"Dr DY Patil Sports Academy, Mumbai",Lucknow Super Giants,Royal Challengers Bangalore,Lucknow Super Giants,field,Royal Challengers Bangalore,0,0,0
1304078,2022,2022,"Brabourne Stadium, Mumbai",Delhi Capitals,Punjab Kings,Delhi Capitals,field,Delhi Capitals,1,0,1
1304079,2022,2022,"Dr DY Patil Sports Academy, Mumbai",Chennai Super Kings,Mumbai Indians,Chennai Super Kings,field,Chennai Super Kings,1,0,1
1304080,2022,2022,"Wankhede Stadium, Mumbai",Delhi Capitals,Rajasthan Royals,Delhi Capitals,field,Rajasthan Royals,0,0,0
1304081,2022,2022,"Dr DY Patil Sports Academy, Mumbai",Gujarat Titans,Gujarat Titans,Kolkata Knight Riders,bat,Gujarat Titans,1,1,0
1304082,2022,2022,"Brabourne Stadium, Mumbai",Sunrisers Hyderabad,Royal Challengers Bangalore,Sunrisers Hyderabad,field,Sunrisers Hyderabad,1,0,1
1304083,2022,2022,"Wankhede Stadium, Mumbai",Mumbai Indians,Lucknow Super Giants,Mumbai Indians,field,Lucknow Super Giants,0,0,0
1304084,2022,2022,"Wankhede Stadium, Mumbai",Chennai Super Kings,Punjab Kings,Chennai Super Kings,field,Punjab Kings,0,0,0
1304085,2022,2022,"Maharashtra Cricket Association Stadium, Pune",Royal Challengers Bangalore,Rajasthan Royals,Royal Challengers Bangalore,field,Rajasthan Royals,0,0,0
1304086,2022,2022,"Wankhede Stadium, Mumbai",Gujarat Titans,Sunrisers Hyderabad,Gujarat Titans,field,Gujarat Titans,1,0,1
1304087,2022,2022,"Wankhede Stadium, Mumbai",Delhi Capitals,Kolkata Knight Riders,Delhi Capitals,field,Delhi Capitals,1,0,1
1304088,2022,2022,"Maharashtra Cricket Association Stadium, Pune",Punjab Kings,Lucknow Super Giants,Punjab Kings,field,Lucknow Super Giants,0,0,0
1304089,2022,2022,"Brabourne Stadium, Mumbai",Royal Challengers Bangalore,Royal Challengers Bangalore,Gujarat Titans,bat,Gujarat Titans,0,0,0
1304090,2022,2022,"Dr DY Patil Sports Academy, Mumbai",Mumbai Indians,Rajasthan Royals,Mumbai Indians,field,Mumbai Indians,1,0,1
1304091,2022,2022,"Wankhede Stadium, Mumbai",Lucknow Super Giants,Lucknow Super Giants,Delhi Capitals,bat,Lucknow Super Giants,1,1,0
1304092,2022,2022,"Maharashtra Cricket Association Stadium, Pune",Sunrisers Hyderabad,Chennai Super Kings,Sunrisers Hyderabad,field,Chennai Super Kings,0,0,0
1304093,2022,2022,"Wankhede Stadium, Mumbai",Kolkata Knight Riders,Rajasthan Royals,Kolkata Knight Riders,field,Kolkata Knight Riders,1,0,1
1304094,2022,2022,"Dr DY Patil Sports Academy, Mumbai",Gujarat Titans,Gujarat Titans,Punjab Kings,bat,Punjab Kings,0,0,0
1304095,2022,2022,"Maharashtra Cricket Association Stadium, Pune",Chennai Super Kings,Royal Challengers Bangalore,Chennai Super Kings,field,Royal Challengers Bangalore,0,0,0
1304096,2022,2022,"Brabourne Stadium, Mumbai",Sunrisers Hyderabad,Delhi Capitals,Sunrisers Hyderabad,field,Delhi Capitals,0,0,0
1304097,2022,2022,"Brabourne Stadium, Mumbai",Gujarat Titans,Mumbai Indians,Gujarat Titans,field,Mumbai Indians,0,0,0
1304098,2022,2022,"Wankhede Stadium, Mumbai",Punjab Kings,Punjab Kings,Rajasthan Royals,bat,Rajasthan Royals,0,0,0
1304099,2022,2022,"Maharashtra Cricket Association Stadium, Pune",Kolkata Knight Riders,Lucknow Super Giants,Kolkata Knight Riders,field,Lucknow Super Giants,0,0,0
1304100,2022,2022,"Wankhede Stadium, Mumbai",Royal Challengers Bangalore,Royal Challengers Bangalore,Sunrisers Hyderabad,bat,Royal Challengers Bangalore,1,1,0
1304101,2022,2022,"Dr DY Patil Sports Academy, Mumbai",Delhi Capitals,Chennai Super Kings,Delhi Capitals,field,Chennai Super Kings,0,0,0
1304102,2022,2022,"Dr DY Patil Sports Academy, Mumbai",Mumbai Indians,Kolkata Knight Riders,Mumbai Indians,field,Kolkata Knight Riders,0,0,0
1304103,2022,2022,"Maharashtra Cricket Association Stadium, Pune",Gujarat Titans,Gujarat Titans,Lucknow Super Giants,bat,Gujarat Titans,1,1,0
1304104,2022,2022,"Dr DY Patil Sports Academy, Mumbai",Delhi Capitals,Rajasthan Royals,Delhi Capitals,field,Delhi Capitals,1,0,1
1304105,2022,2022,"Wankhede Stadium, Mumbai",Mumbai Indians,Chennai Super Kings,Mumbai Indians,field,Mumbai Indians,1,0,1
1304106,2022,2022,"Brabourne Stadium, Mumbai",Royal Challengers Bangalore,Punjab Kings,Royal Challengers Bangalore,field,Punjab Kings,0,0,0
1304107,2022,2022,"Maharashtra Cricket Association Stadium, Pune",Kolkata Knight Riders,Kolkata Knight Riders,Sunrisers Hyderabad,bat,Kolkata Knight Riders,1,1,0
1304108,2022,2022,"Wankhede Stadium, Mumbai",Chennai Super Kings,Chennai Super Kings,Gujarat Titans,bat,Gujarat Titans,0,0,0
1304109,2022,2022,"Brabourne Stadium, Mumbai",Rajasthan Royals,Rajasthan Royals,Lucknow Super Giants,bat,Rajasthan Royals,1,1,0
1304110,2022,2022,"Dr DY Patil Sports Academy, Mumbai",Punjab Kings,Delhi Capitals,Punjab Kings,field,Delhi Capitals,0,0,0
1304111,2022,2022,"Wankhede Stadium, Mumbai",Mumbai Indians,Sunrisers Hyderabad,Mumbai Indians,field,Sunrisers Hyderabad,0,0,0
1304112,2022,2022,"Dr DY Patil Sports Academy, Mumbai",Lucknow Super Giants,Lucknow Super Giants,Kolkata Knight Riders,bat,Lucknow Super Giants,1,1,0
1304113,2022,2022,"Wankhede Stadium, Mumbai",Gujarat Titans,Gujarat Titans,Royal Challengers Bangalore,bat,Royal Challengers Bangalore,0,0,0
1304114,2022,2022,"Brabourne Stadium, Mumbai",Chennai Super Kings,Chennai Super Kings,Rajasthan Royals,bat,Rajasthan Royals,0,0,0
1304115,2022,2022,"Wankhede Stadium, Mumbai",Mumbai Indians,Delhi Capitals,Mumbai Indians,field,Mumbai Indians,1,0,1
1304116,2022,2022,"Wankhede Stadium, Mumbai",Sunrisers Hyderabad,Sunrisers Hyderabad,Punjab Kings,bat,Punjab Kings,0,0,0
1312197,2022,2022,"Eden Gardens, Kolkata",Gujarat Titans,Rajasthan Royals,Gujarat Titans,field,Gujarat Titans,1,0,1
1312198,2022,2022,"Eden Gardens, Kolkata",Lucknow Super Giants,Royal Challengers Bangalore,Lucknow Super Giants,field,Royal Challengers Bangalore,0,0,0
1312199,2022,2022,"Narendra Modi Stadium, Ahmedabad",Rajasthan Royals,Royal Challengers Bangalore,Rajasthan Royals,field,Rajasthan Royals,1,0,1
1312200,2022,2022,"Narendra Modi Stadium, Ahmedabad",Rajasthan Royals,Rajasthan Royals,Gujarat Titans,bat,Gujarat Titans,0,0,0
1359475,2023,2023,"Narendra Modi Stadium, Ahmedabad",Gujarat Titans,Chennai Super Kings,Gujarat Titans,field,Gujarat Titans,1,0,1
1359476,2023,2023,"Punjab Cricket Association IS Bindra Stadium, Mohali, Chandigarh",Kolkata Knight Riders,Punjab Kings,Kolkata Knight Riders,field,Punjab Kings,0,0,0
1359477,2023,2023,"Bharat Ratna Shri Atal Bihari Vajpayee Ekana Cricket Stadium, Lucknow",Delhi Capitals,Lucknow Super Giants,Delhi Capitals,field,Lucknow Super Giants,0,0,0
1359478,2023,2023,"Rajiv Gandhi International Stadium, Uppal, Hyderabad",Sunrisers Hyderabad,Rajasthan Royals,Sunrisers Hyderabad,field,Rajasthan Royals,0,0,0
1359479,2023,2023,"M Chinnaswamy Stadium, Bengaluru",Royal Challengers Bangalore,Mumbai Indians,Royal Challengers Bangalore,field,Royal Challengers Bangalore,1,0,1
1359480,2023,2023,"MA Chidambaram Stadium, Chepauk, Chennai",Lucknow Super Giants,Chennai Super Kings,Lucknow Super Giants,field,Chennai Super Kings,0,0,0
1359481,2023,2023,"Arun Jaitley Stadium, Delhi",Gujarat Titans,Delhi Capitals,Gujarat Titans,field,Gujarat Titans,1,0,1
1359482,2023,2023,"Barsapara Cricket Stadium, Guwahati",Rajasthan Royals,Punjab Kings,Rajasthan Royals,field,Punjab Kings,0,0,0
1359483,2023,2023,"Eden Gardens, Kolkata",Royal Challengers Bangalore,Kolkata Knight Riders,Royal Challengers Bangalore,field,Kolkata Knight Riders,0,0,0
1359484,2023,2023,"Bharat Ratna Shri Atal Bihari Vajpayee Ekana Cricket Stadium, Lucknow",Sunrisers Hyderabad,Sunrisers Hyderabad,Lucknow Super Giants,bat,Lucknow Super Giants,0,0,0
1359485,2023,2023,"Barsapara Cricket Stadium, Guwahati",Delhi Capitals,Rajasthan Royals,Delhi Capitals,field,Rajasthan Royals,0,0,0
1359486,2023,2023,"Wankhede Stadium, Mumbai",Chennai Super Kings,Mumbai Indians,Chennai Super Kings,field,Chennai Super Kings,1,0,1
1359487,2023,2023,"Narendra Modi Stadium, Ahmedabad",Gujarat Titans,Gujarat Titans,Kolkata Knight Riders,bat,Kolkata Knight Riders,0,0,0
1359488,2023,2023,"Rajiv Gandhi International Stadium, Uppal, Hyderabad",Sunrisers Hyderabad,Punjab Kings,Sunrisers Hyderabad,field,Sunrisers Hyderabad,1,0,1
1359489,2023,2023,"M Chinnaswamy Stadium, Bengaluru",Lucknow Super Giants,Royal Challengers Bangalore,Lucknow Super Giants,field,Lucknow Super Giants,1,0,1
1359490,2023,2023,"Arun Jaitley Stadium, Delhi",Mumbai Indians,Delhi Capitals,Mumbai Indians,field,Mumbai Indians,1,0,1
1359491,2023,2023,"MA Chidambaram Stadium, Chepauk, Chennai",Chennai Super Kings,Rajasthan Royals,Chennai Super Kings,field,Rajasthan Royals,0,0,0
1359492,2023,2023,"Punjab Cricket Association IS Bindra Stadium, Mohali, Chandigarh",Gujarat Titans,Punjab Kings,Gujarat Titans,field,Gujarat Titans,1,0,1
1359493,2023,2023,"Eden Gardens, Kolkata",Kolkata Knight Riders,Sunrisers Hyderabad,Kolkata Knight Riders,field,Sunrisers Hyderabad,0,0,0
1359494,2023,2023,"M Chinnaswamy Stadium, Bengaluru",Delhi Capitals,Royal Challengers Bangalore,Delhi Capitals,field,Royal Challengers Bangalore,0,0,0
1359495,2023,2023,"Bharat Ratna Shri Atal Bihari Vajpayee Ekana Cricket Stadium, Lucknow",Punjab Kings,Lucknow Super Giants,Punjab Kings,field,Punjab Kings,1,0,1
1359496,2023,2023,"Wankhede Stadium, Mumbai",Mumbai Indians,Kolkata Knight Riders,Mumbai Indians,field,Mumbai Indians,1,0,1
1359497,2023,2023,"Narendra Modi Stadium, Ahmedabad",Rajasthan Royals,Gujarat Titans,Rajasthan Royals,field,Rajasthan Royals,1,0,1
1359498,2023,2023,"M Chinnaswamy Stadium, Bengaluru",Royal Challengers Bangalore,Chennai Super Kings,Royal Challengers Bangalore,field,Chennai Super Kings,0,0,0
1359499,2023,2023,"Rajiv Gandhi International Stadium, Uppal, Hyderabad",Sunrisers Hyderabad,Mumbai Indians,Sunrisers Hyderabad,field,Mumbai Indians,0,0,0
1359500,2023,2023,"Sawai Mansingh Stadium, Jaipur",Rajasthan Royals,Lucknow Super Giants,Rajasthan Royals,field,Lucknow Super Giants,0,0,0
1359501,2023,2023,"Punjab Cricket Association IS Bindra Stadium, Mohali, Chandigarh",Punjab Kings,Royal Challengers Bangalore,Punjab Kings,field,Royal Challengers Bangalore,0,0,0
1359502,2023,2023,"Arun Jaitley Stadium, Delhi",Delhi Capitals,Kolkata Knight Riders,Delhi Capitals,field,Delhi Capitals,1,0,1
1359503,2023,2023,"MA Chidambaram Stadium, Chepauk, Chennai",Chennai Super Kings,Sunrisers Hyderabad,Chennai Super Kings,field,Chennai Super Kings,1,0,1
1359504,2023,2023,"Bharat Ratna Shri Atal Bihari Vajpayee Ekana Cricket Stadium, Lucknow",Gujarat Titans,Gujarat Titans,Lucknow Super Giants,bat,Gujarat Titans,1,1,0
1359505,2023,2023,"Wankhede Stadium, Mumbai",Mumbai Indians,Punjab Kings,Mumbai Indians,field,Punjab Kings,0,0,0
1359506,2023,2023,"M Chinnaswamy Stadium, Bengaluru",Rajasthan Royals,Royal Challengers Bangalore,Rajasthan Royals,field,Royal Challengers Bangalore,0,0,0
1359507,2023,2023,"Eden Gardens, Kolkata",Kolkata Knight Riders,Chennai Super Kings,Kolkata Knight Riders,field,Chennai Super Kings,0,0,0
1359508,2023,2023,"Rajiv Gandhi International Stadium, Uppal, Hyderabad",Delhi Capitals,Delhi Capitals,Sunrisers Hyderabad,bat,Delhi Capitals,1,1,0
1359509,2023,2023,"Narendra Modi Stadium, Ahmedabad",Mumbai Indians,Gujarat Titans,Mumbai Indians,field,Gujarat Titans,0,0,0
1359510,2023,2023,"M Chinnaswamy Stadium, Bengaluru",Royal Challengers Bangalore,Kolkata Knight Riders,Royal Challengers Bangalore,field,Kolkata Knight Riders,0,0,0
1359511,2023,2023,"Sawai Mansingh Stadium, Jaipur",Rajasthan Royals,Rajasthan Royals,Chennai Super Kings,bat,Rajasthan Royals,1,1,0
1359512,2023,2023,"Punjab Cricket Association IS Bindra Stadium, Mohali, Chandigarh",Punjab Kings,Lucknow Super Giants,Punjab Kings,field,Lucknow Super Giants,0,0,0
1359513,2023,2023,"Eden Gardens, Kolkata",Gujarat Titans,Kolkata Knight Riders,Gujarat Titans,field,Gujarat Titans,1,0,1
1359514,2023,2023,"Arun Jaitley Stadium, Delhi",Sunrisers Hyderabad,Sunrisers Hyderabad,Delhi Capitals,bat,Sunrisers Hyderabad,1,1,0
1359515,2023,2023,"MA Chidambaram Stadium, Chepauk, Chennai",Chennai Super Kings,Chennai Super Kings,Punjab Kings,bat,Punjab Kings,0,0,0
1359516,2023,2023,"Wankhede Stadium, Mumbai",Rajasthan Royals,Rajasthan Royals,Mumbai Indians,bat,Mumbai Indians,0,0,0
1359517,2023,2023,"Bharat Ratna Shri Atal Bihari Vajpayee Ekana Cricket Stadium, Lucknow",Royal Challengers Bangalore,Royal Challengers Bangalore,Lucknow Super Giants,bat,Royal Challengers Bangalore,1,1,0
1359518,2023,2023,"Narendra Modi Stadium, Ahmedabad",Delhi Capitals,Delhi Capitals,Gujarat Titans,bat,Delhi Capitals,1,1,0
1359520,2023,2023,"Punjab Cricket Association IS Bindra Stadium, Mohali, Chandigarh",Mumbai Indians,Punjab Kings,Mumbai Indians,field,Mumbai Indians,1,0,1
1359521,2023,2023,"Rajiv Gandhi International Stadium, Uppal, Hyderabad",Kolkata Knight Riders,Kolkata Knight Riders,Sunrisers Hyderabad,bat,Kolkata Knight Riders,1,1,0
1359522,2023,2023,"Sawai Mansingh Stadium, Jaipur",Rajasthan Royals,Rajasthan Royals,Gujarat Titans,bat,Gujarat Titans,0,0,0
1359523,2023,2023,"MA Chidambaram Stadium, Chepauk, Chennai",Chennai Super Kings,Mumbai Indians,Chennai Super Kings,field,Chennai Super Kings,1,0,1
1359524,2023,2023,"Arun Jaitley Stadium, Delhi",Royal Challengers Bangalore,Royal Challengers Bangalore,Delhi Capitals,bat,Delhi Capitals,0,0,0
1359525,2023,2023,"Narendra Modi Stadium, Ahmedabad",Lucknow Super Giants,Gujarat Titans,Lucknow Super Giants,field,Gujarat Titans,0,0,0
1359526,2023,2023,"Sawai Mansingh Stadium, Jaipur",Rajasthan Royals,Rajasthan Royals,Sunrisers Hyderabad,bat,Sunrisers Hyderabad,0,0,0
1359527,2023,2023,"Eden Gardens, Kolkata",Punjab Kings,Punjab Kings,Kolkata Knight Riders,bat,Kolkata Knight Riders,0,0,0
1359528,2023,2023,"Wankhede Stadium, Mumbai",Mumbai Indians,Royal Challengers Bangalore,Mumbai Indians,field,Mumbai Indians,1,0,1
1359529,2023,2023,"MA Chidambaram Stadium, Chepauk, Chennai",Chennai Super Kings,Chennai Super Kings,Delhi Capitals,bat,Chennai Super Kings,1,1,0
1359530,2023,2023,"Eden Gardens, Kolkata",Rajasthan Royals,Kolkata Knight Riders,Rajasthan Royals,field,Rajasthan Royals,1,0,1
1359531,2023,2023,"Wankhede Stadium, Mumbai",Gujarat Titans,Mumbai Indians,Gujarat Titans,field,Mumbai Indians,0,0,0
1359532,2023,2023,"Rajiv Gandhi International Stadium, Uppal, Hyderabad",Sunrisers Hyderabad,Sunrisers Hyderabad,Lucknow Super Giants,bat,Lucknow Super Giants,0,0,0
1359533,2023,2023,"Arun Jaitley Stadium, Delhi",Delhi Capitals,Punjab Kings,Delhi Capitals,field,Punjab Kings,0,0,0
1359534,2023,2023,"Sawai Mansingh Stadium, Jaipur",Royal Challengers Bangalore,Royal Challengers Bangalore,Rajasthan Royals,bat,Royal Challengers Bangalore,1,1,0
1359535,2023,2023,"MA Chidambaram Stadium, Chepauk, Chennai",Chennai Super Kings,Chennai Super Kings,Kolkata Knight Riders,bat,Kolkata Knight Riders,0,0,0
1359536,2023,2023,"Narendra Modi Stadium, Ahmedabad",Sunrisers Hyderabad,Gujarat Titans,Sunrisers Hyderabad,field,Gujarat Titans,0,0,0
1359537,2023,2023,"Bharat Ratna Shri Atal Bihari Vajpayee Ekana Cricket Stadium, Lucknow",Mumbai Indians,Lucknow Super Giants,Mumbai Indians,field,Lucknow Super Giants,0,0,0
1359538,2023,2023,"Himachal Pradesh Cricket Association Stadium, Dharamsala",Punjab Kings,Delhi Capitals,Punjab Kings,field,Delhi Capitals,0,0,0
1359539,2023,2023,"Rajiv Gandhi International Stadium, Uppal, Hyderabad",Royal Challengers Bangalore,Sunrisers Hyderabad,Royal Challengers Bangalore,field,Royal Challengers Bangalore,1,0,1
1359540,2023,2023,"Himachal Pradesh Cricket Association Stadium, Dharamsala",Rajasthan Royals,Punjab Kings,Rajasthan Royals,field,Rajasthan Royals,1,0,1
1359541,2023,2023,"Arun Jaitley Stadium, Delhi",Chennai Super Kings,Chennai Super Kings,Delhi Capitals,bat,Chennai Super Kings,1,1,0
1359542,2023,2023,"Eden Gardens, Kolkata",Kolkata Knight Riders,Lucknow Super Giants,Kolkata Knight Riders,field,Lucknow Super Giants,0,0,0
1359543,2023,2023,"Wankhede Stadium, Mumbai",Mumbai Indians,Sunrisers Hyderabad,Mumbai Indians,field,Mumbai Indians,1,0,1
1359544,2023,2023,"M Chinnaswamy Stadium, Bengaluru",Gujarat Titans,Royal Challengers Bangalore,Gujarat Titans,field,Gujarat Titans,1,0,1
1370350,2023,2023,"MA Chidambaram Stadium, Chepauk, Chennai",Gujarat Titans,Chennai Super Kings,Gujarat Titans,field,Chennai Super Kings,0,0,0
1370351,2023,2023,"MA Chidambaram Stadium, Chepauk, Chennai",Mumbai Indians,Mumbai Indians,Lucknow Super Giants,bat,Mumbai Indians,1,1,0
1370352,2023,2023,"Narendra Modi Stadium, Ahmedabad",Mumbai Indians,Gujarat Titans,Mumbai Indians,field,Gujarat Titans,0,0,0
1370353,2023,2023,"Narendra Modi Stadium, Ahmedabad",Chennai Super Kings,Gujarat Titans,Chennai Super Kings,field,Chennai Super Kings,1,0,1
1422119,2024,2024,"MA Chidambaram Stadium, Chepauk, Chennai",Royal Challengers Bangalore,Royal Challengers Bangalore,Chennai Super Kings,bat,Chennai Super Kings,0,0,0
1422120,2024,2024,"Maharaja Yadavindra Singh International Cricket Stadium, Mullanpur",Punjab Kings,Delhi Capitals,Punjab Kings,field,Punjab Kings,1,0,1
1422121,2024,2024,"Eden Gardens, Kolkata",Sunrisers Hyderabad,Kolkata Knight Riders,Sunrisers Hyderabad,field,Kolkata Knight Riders,0,0,0
1422122,2024,2024,"Sawai Mansingh Stadium, Jaipur",Rajasthan Royals,Rajasthan Royals,Lucknow Super Giants,bat,Rajasthan Royals,1,1,0
1422123,2024,2024,"Narendra Modi Stadium, Ahmedabad",Mumbai Indians,Gujarat Titans,Mumbai Indians,field,Gujarat Titans,0,0,0
1422124,2024,2024,"M Chinnaswamy Stadium, Bengaluru",Royal Challengers Bangalore,Punjab Kings,Royal Challengers Bangalore,field,Royal Challengers Bangalore,1,0,1
1422125,2024,2024,"MA Chidambaram Stadium, Chepauk, Chennai",Gujarat Titans,Chennai Super Kings,Gujarat Titans,field,Chennai Super Kings,0,0,0
1422126,2024,2024,"Rajiv Gandhi International Stadium, Uppal, Hyderabad",Mumbai Indians,Sunrisers Hyderabad,Mumbai Indians,field,Sunrisers Hyderabad,0,0,0
1422127,2024,2024,"Sawai Mansingh Stadium, Jaipur",Delhi Capitals,Rajasthan Royals,Delhi Capitals,field,Rajasthan Royals,0,0,0
1422128,2024,2024,"M Chinnaswamy Stadium, Bengaluru",Kolkata Knight Riders,Royal Challengers Bangalore,Kolkata Knight Riders,field,Kolkata Knight Riders,1,0,1
1422129,2024,2024,"Bharat Ratna Shri Atal Bihari Vajpayee Ekana Cricket Stadium, Lucknow",Lucknow Super Giants,Lucknow Super Giants,Punjab Kings,bat,Lucknow Super Giants,1,1,0
1422130,2024,2024,"Narendra Modi Stadium, Ahmedabad",Sunrisers Hyderabad,Sunrisers Hyderabad,Gujarat Titans,bat,Gujarat Titans,0,0,0
1422131,2024,2024,"Dr. Y.S. Rajasekhara Reddy ACA-VDCA Cricket Stadium, Visakhapatnam",Delhi Capitals,Delhi Capitals,Chennai Super Kings,bat,Delhi Capitals,1,1,0
1422132,2024,2024,"Wankhede Stadium, Mumbai",Rajasthan Royals,Mumbai Indians,Rajasthan Royals,field,Rajasthan Royals,1,0,1
1422133,2024,2024,"M Chinnaswamy Stadium, Bengaluru",Royal Challengers Bangalore,Lucknow Super Giants,Royal Challengers Bangalore,field,Lucknow Super Giants,0,0,0
1422134,2024,2024,"Dr. Y.S. Rajasekhara Reddy ACA-VDCA Cricket Stadium, Visakhapatnam",Kolkata Knight Riders,Kolkata Knight Riders,Delhi Capitals,bat,Kolkata Knight Riders,1,1,0
1422135,2024,2024,"Narendra Modi Stadium, Ahmedabad",Punjab Kings,Gujarat Titans,Punjab Kings,field,Punjab Kings,1,0,1
1422136,2024,2024,"Rajiv Gandhi International Stadium, Uppal, Hyderabad",Sunrisers Hyderabad,Chennai Super Kings,Sunrisers Hyderabad,field,Sunrisers Hyderabad,1,0,1
1422137,2024,2024,"Sawai Mansingh Stadium, Jaipur",Rajasthan Royals,Royal Challengers Bangalore,Rajasthan Royals,field,Rajasthan Royals,1,0,1
1422138,2024,2024,"Wankhede Stadium, Mumbai",Delhi Capitals,Mumbai Indians,Delhi Capitals,field,Mumbai Indians,0,0,0
1422139,2024,2024,"Bharat Ratna Shri Atal Bihari Vajpayee Ekana Cricket Stadium, Lucknow",Lucknow Super Giants,Lucknow Super Giants,Gujarat Titans,bat,Lucknow Super Giants,1,1,0
1426260,2024,2024,"MA Chidambaram Stadium, Chepauk, Chennai",Chennai Super Kings,Kolkata Knight Riders,Chennai Super Kings,field,Chennai Super Kings,1,0,1
1426261,2024,2024,"Maharaja Yadavindra Singh International Cricket Stadium, Mullanpur",Punjab Kings,Sunrisers Hyderabad,Punjab Kings,field,Sunrisers Hyderabad,0,0,0
1426262,2024,2024,"Sawai Mansingh Stadium, Jaipur",Gujarat Titans,Rajasthan Royals,Gujarat Titans,field,Gujarat Titans,1,0,1
1426263,2024,2024,"Wankhede Stadium, Mumbai",Mumbai Indians,Royal Challengers Bangalore,Mumbai Indians,field,Mumbai Indians,1,0,1
1426264,2024,2024,"Bharat Ratna Shri Atal Bihari Vajpayee Ekana Cricket Stadium, Lucknow",Lucknow Super Giants,Lucknow Super Giants,Delhi Capitals,bat,Delhi Capitals,0,0,0
1426265,2024,2024,"Maharaja Yadavindra Singh International Cricket Stadium, Mullanpur",Rajasthan Royals,Punjab Kings,Rajasthan Royals,field,Rajasthan Royals,1,0,1
1426266,2024,2024,"Eden Gardens, Kolkata",Kolkata Knight Riders,Lucknow Super Giants,Kolkata Knight Riders,field,Kolkata Knight Riders,1,0,1
1426267,2024,2024,"Wankhede Stadium, Mumbai",Mumbai Indians,Chennai Super Kings,Mumbai Indians,field,Chennai Super Kings,0,0,0
1426268,2024,2024,"M Chinnaswamy Stadium, Bengaluru",Royal Challengers Bangalore,Sunrisers Hyderabad,Royal Challengers Bangalore,field,Sunrisers Hyderabad,0,0,0
1426269,2024,2024,"Eden Gardens, Kolkata",Rajasthan Royals,Kolkata Knight Riders,Rajasthan Royals,field,Rajasthan Royals,1,0,1
1426270,2024,2024,"Narendra Modi Stadium, Ahmedabad",Delhi Capitals,Gujarat Titans,Delhi Capitals,field,Delhi Capitals,1,0,1
1426271,2024,2024,"Maharaja Yadavindra Singh International Cricket Stadium, Mullanpur",Punjab Kings,Mumbai Indians,Punjab Kings,field,Mumbai Indians,0,0,0
1426272,2024,2024,"Bharat Ratna Shri Atal Bihari Vajpayee Ekana Cricket Stadium, Lucknow",Lucknow Super Giants,Chennai Super Kings,Lucknow Super Giants,field,Lucknow Super Giants,1,0,1
1426273,2024,2024,"Arun Jaitley Stadium, Delhi",Delhi Capitals,Sunrisers Hyderabad,Delhi Capitals,field,Sunrisers Hyderabad,0,0,0
1426274,2024,2024,"Eden Gardens, Kolkata",Royal Challengers Bangalore,Kolkata Knight Riders,Royal Challengers Bangalore,field,Kolkata Knight Riders,0,0,0
1426275,2024,2024,"Maharaja Yadavindra Singh International Cricket Stadium, Mullanpur",Punjab Kings,Punjab Kings,Gujarat Titans,bat,Gujarat Titans,0,0,0
1426276,2024,2024,"Sawai Mansingh Stadium, Jaipur",Mumbai Indians,Mumbai Indians,Rajasthan Royals,bat,Rajasthan Royals,0,0,0
1426277,2024,2024,"MA Chidambaram Stadium, Chepauk, Chennai",Lucknow Super Giants,Chennai Super Kings,Lucknow Super Giants,field,Lucknow Super Giants,1,0,1
1426278,2024,2024,"Arun Jaitley Stadium, Delhi",Gujarat Titans,Delhi Capitals,Gujarat Titans,field,Delhi Capitals,0,0,0
1426279,2024,2024,"Rajiv Gandhi International Stadium, Uppal, Hyderabad",Royal Challengers Bangalore,Royal Challengers Bangalore,Sunrisers Hyderabad,bat,Royal Challengers Bangalore,1,1,0
1426280,2024,2024,"Eden Gardens, Kolkata",Punjab Kings,Kolkata Knight Riders,Punjab Kings,field,Punjab Kings,1,0,1
1426281,2024,2024,"Arun Jaitley Stadium, Delhi",Mumbai Indians,Delhi Capitals,Mumbai Indians,field,Delhi Capitals,0,0,0
1426282,2024,2024,"Bharat Ratna Shri Atal Bihari Vajpayee Ekana Cricket Stadium, Lucknow",Rajasthan Royals,Lucknow Super Giants,Rajasthan Royals,field,Rajasthan Royals,1,0,1
1426283,2024,2024,"Narendra Modi Stadium, Ahmedabad",Royal Challengers Bangalore,Gujarat Titans,Royal Challengers Bangalore,field,Royal Challengers Bangalore,1,0,1
1426284,2024,2024,"MA Chidambaram Stadium, Chepauk, Chennai",Sunrisers Hyderabad,Chennai Super Kings,Sunrisers Hyderabad,field,Chennai Super Kings,0,0,0
1426285,2024,2024,"Eden Gardens, Kolkata",Delhi Capitals,Delhi Capitals,Kolkata Knight Riders,bat,Kolkata Knight Riders,0,0,0
1426286,2024,2024,"Bharat Ratna Shri Atal Bihari Vajpayee Ekana Cricket Stadium, Lucknow",Lucknow Super Giants,Mumbai Indians,Lucknow Super Giants,field,Lucknow Super Giants,1,0,1
1426287,2024,2024,"MA Chidambaram Stadium, Chepauk, Chennai",Punjab Kings,Chennai Super Kings,Punjab Kings,field,Punjab Kings,1,0,1
1426288,2024,2024,"Rajiv Gandhi International Stadium, Uppal, Hyderabad",Sunrisers Hyderabad,Sunrisers Hyderabad,Rajasthan Royals,bat,Sunrisers Hyderabad,1,1,0
1426289,2024,2024,"Wankhede Stadium, Mumbai",Mumbai Indians,Kolkata Knight Riders,Mumbai Indians,field,Kolkata Knight Riders,0,0,0
1426290,2024,2024,"M Chinnaswamy Stadium, Bengaluru",Royal Challengers Bangalore,Gujarat Titans,Royal Challengers Bangalore,field,Royal Challengers Bangalore,1,0,1
1426291,2024,2024,"Himachal Pradesh Cricket Association Stadium, Dharamsala",Punjab Kings,Chennai Super Kings,Punjab Kings,field,Chennai Super Kings,0,0,0
1426292,2024,2024,"Bharat Ratna Shri Atal Bihari Vajpayee Ekana Cricket Stadium, Lucknow",Lucknow Super Giants,Kolkata Knight Riders,Lucknow Super Giants,field,Kolkata Knight Riders,0,0,0
1426293,2024,2024,"Wankhede Stadium, Mumbai",Mumbai Indians,Sunrisers Hyderabad,Mumbai Indians,field,Mumbai Indians,1,0,1
1426294,2024,2024,"Arun Jaitley Stadium, Delhi",Rajasthan Royals,Delhi Capitals,Rajasthan Royals,field,Delhi Capitals,0,0,0
1426295,2024,2024,"Rajiv Gandhi International Stadium, Uppal, Hyderabad",Lucknow Super Giants,Lucknow Super Giants,Sunrisers Hyderabad,bat,Sunrisers Hyderabad,0,0,0
1426296,2024,2024,"Himachal Pradesh Cricket Association Stadium, Dharamsala",Punjab Kings,Royal Challengers Bangalore,Punjab Kings,field,Royal Challengers Bangalore,0,0,0
1426297,2024,2024,"Narendra Modi Stadium, Ahmedabad",Chennai Super Kings,Gujarat Titans,Chennai Super Kings,field,Gujarat Titans,0,0,0
1426298,2024,2024,"Eden Gardens, Kolkata",Mumbai Indians,Kolkata Knight Riders,Mumbai Indians,field,Kolkata Knight Riders,0,0,0
1426299,2024,2024,"MA Chidambaram Stadium, Chepauk, Chennai",Rajasthan Royals,Rajasthan Royals,Chennai Super Kings,bat,Chennai Super Kings,0,0,0
1426300,2024,2024,"M Chinnaswamy Stadium, Bengaluru",Delhi Capitals,Royal Challengers Bangalore,Delhi Capitals,field,Royal Challengers Bangalore,0,0,0
1426302,2024,2024,"Arun Jaitley Stadium, Delhi",Lucknow Super Giants,Delhi Capitals,Lucknow Super Giants,field,Delhi Capitals,0,0,0
1426303,2024,2024,"Barsapara Cricket Stadium, Guwahati",Rajasthan Royals,Rajasthan Royals,Punjab Kings,bat,Punjab Kings,0,0,0
1426305,2024,2024,"Wankhede Stadium, Mumbai",Mumbai Indians,Lucknow Super Giants,Mumbai Indians,field,Lucknow Super Giants,0,0,0
1426306,2024,2024,"M Chinnaswamy Stadium, Bengaluru",Chennai Super Kings,Royal Challengers Bangalore,Chennai Super Kings,field,Royal Challengers Bangalore,0,0,0
1426307,2024,2024,"Rajiv Gandhi International Stadium, Uppal, Hyderabad",Punjab Kings,Punjab Kings,Sunrisers Hyderabad,bat,Sunrisers Hyderabad,0,0,0
1426309,2024,2024,"Narendra Modi Stadium, Ahmedabad",Sunrisers Hyderabad,Sunrisers Hyderabad,Kolkata Knight Riders,bat,Kolkata Knight Riders,0,0,0
1426310,2024,2024,"Narendra Modi Stadium, Ahmedabad",Rajasthan Royals,Royal Challengers Bangalore,Rajasthan Royals,field,Rajasthan Royals,1,0,1
1426311,2024,2024,"MA Chidambaram Stadium, Chepauk, Chennai",Rajasthan Royals,Sunrisers Hyderabad,Rajasthan Royals,field,Sunrisers Hyderabad,0,0,0
1426312,2024,2024,"MA Chidambaram Stadium, Chepauk, Chennai",Sunrisers Hyderabad,Sunrisers Hyderabad,Kolkata Knight Riders,bat,Kolkata Knight Riders,0,0,0
1473438,2025,2025,"Eden Gardens, Kolkata",Royal Challengers Bangalore,Kolkata Knight Riders,Royal Challengers Bangalore,field,Royal Challengers Bangalore,1,0,1
1473439,2025,2025,"Rajiv Gandhi International Stadium, Uppal, Hyderabad",Rajasthan Royals,Sunrisers Hyderabad,Rajasthan Royals,field,Sunrisers Hyderabad,0,0,0
1473440,2025,2025,"MA Chidambaram Stadium, Chepauk, Chennai",Chennai Super Kings,Mumbai Indians,Chennai Super Kings,field,Chennai Super Kings,1,0,1
1473441,2025,2025,"Dr. Y.S. Rajasekhara Reddy ACA-VDCA Cricket Stadium, Visakhapatnam",Delhi Capitals,Lucknow Super Giants,Delhi Capitals,field,Delhi Capitals,1,0,1
1473442,2025,2025,"Narendra Modi Stadium, Ahmedabad",Gujarat Titans,Punjab Kings,Gujarat Titans,field,Punjab Kings,0,0,0
1473443,2025,2025,"Barsapara Cricket Stadium, Guwahati",Kolkata Knight Riders,Rajasthan Royals,Kolkata Knight Riders,field,Kolkata Knight Riders,1,0,1
1473444,2025,2025,"Rajiv Gandhi International Stadium, Uppal, Hyderabad",Lucknow Super Giants,Sunrisers Hyderabad,Lucknow Super Giants,field,Lucknow Super Giants,1,0,1
1473445,2025,2025,"MA Chidambaram Stadium, Chepauk, Chennai",Chennai Super Kings,Royal Challengers Bangalore,Chennai Super Kings,field,Royal Challengers Bangalore,0,0,0
1473446,2025,2025,"Narendra Modi Stadium, Ahmedabad",Mumbai Indians,Gujarat Titans,Mumbai Indians,field,Gujarat Titans,0,0,0
1473447,2025,2025,"Dr. Y.S. Rajasekhara Reddy ACA-VDCA Cricket Stadium, Visakhapatnam",Sunrisers Hyderabad,Sunrisers Hyderabad,Delhi Capitals,bat,Delhi Capitals,0,0,0
1473448,2025,2025,"Barsapara Cricket Stadium, Guwahati",Chennai Super Kings,Rajasthan Royals,Chennai Super Kings,field,Rajasthan Royals,0,0,0
1473449,2025,2025,"Wankhede Stadium, Mumbai",Mumbai Indians,Kolkata Knight Riders,Mumbai Indians,field,Mumbai Indians,1,0,1
1473450,2025,2025,"Bharat Ratna Shri Atal Bihari Vajpayee Ekana Cricket Stadium, Lucknow",Punjab Kings,Lucknow Super Giants,Punjab Kings,field,Punjab Kings,1,0,1
1473451,2025,2025,"M Chinnaswamy Stadium, Bengaluru",Gujarat Titans,Royal Challengers Bangalore,Gujarat Titans,field,Gujarat Titans,1,0,1
1473452,2025,2025,"Eden Gardens, Kolkata",Sunrisers Hyderabad,Kolkata Knight Riders,Sunrisers Hyderabad,field,Kolkata Knight Riders,0,0,0
1473453,2025,2025,"Bharat Ratna Shri Atal Bihari Vajpayee Ekana Cricket Stadium, Lucknow",Mumbai Indians,Lucknow Super Giants,Mumbai Indians,field,Lucknow Super Giants,0,0,0
1473454,2025,2025,"MA Chidambaram Stadium, Chepauk, Chennai",Delhi Capitals,Delhi Capitals,Chennai Super Kings,bat,Delhi Capitals,1,1,0
1473455,2025,2025,"Maharaja Yadavindra Singh International Cricket Stadium, Mullanpur",Punjab Kings,Rajasthan Royals,Punjab Kings,field,Rajasthan Royals,0,0,0
1473456,2025,2025,"Eden Gardens, Kolkata",Kolkata Knight Riders,Lucknow Super Giants,Kolkata Knight Riders,field,Lucknow Super Giants,0,0,0
1473457,2025,2025,"Rajiv Gandhi International Stadium, Uppal, Hyderabad",Gujarat Titans,Sunrisers Hyderabad,Gujarat Titans,field,Gujarat Titans,1,0,1
1473458,2025,2025,"Wankhede Stadium, Mumbai",Mumbai Indians,Royal Challengers Bangalore,Mumbai Indians,field,Royal Challengers Bangalore,0,0,0
1473459,2025,2025,"Maharaja Yadavindra Singh International Cricket Stadium, Mullanpur",Punjab Kings,Punjab Kings,Chennai Super Kings,bat,Punjab Kings,1,1,0
1473460,2025,2025,"Narendra Modi Stadium, Ahmedabad",Rajasthan Royals,Gujarat Titans,Rajasthan Royals,field,Gujarat Titans,0,0,0
1473461,2025,2025,"M Chinnaswamy Stadium, Bengaluru",Delhi Capitals,Royal Challengers Bangalore,Delhi Capitals,field,Delhi Capitals,1,0,1
1473462,2025,2025,"MA Chidambaram Stadium, Chepauk, Chennai",Kolkata Knight Riders,Chennai Super Kings,Kolkata Knight Riders,field,Kolkata Knight Riders,1,0,1
1473463,2025,2025,"Bharat Ratna Shri Atal Bihari Vajpayee Ekana Cricket Stadium, Lucknow",Lucknow Super Giants,Gujarat Titans,Lucknow Super Giants,field,Lucknow Super Giants,1,0,1
1473464,2025,2025,"Rajiv Gandhi International Stadium, Uppal, Hyderabad",Punjab Kings,Punjab Kings,Sunrisers Hyderabad,bat,Sunrisers Hyderabad,0,0,0
1473465,2025,2025,"Sawai Mansingh Stadium, Jaipur",Royal Challengers Bangalore,Rajasthan Royals,Royal Challengers Bangalore,field,Royal Challengers Bangalore,1,0,1
1473466,2025,2025,"Arun Jaitley Stadium, Delhi",Delhi Capitals,Mumbai Indians,Delhi Capitals,field,Mumbai Indians,0,0,0
1473467,2025,2025,"Bharat Ratna Shri Atal Bihari Vajpayee Ekana Cricket Stadium, Lucknow",Chennai Super Kings,Lucknow Super Giants,Chennai Super Kings,field,Chennai Super Kings,1,0,1
1473468,2025,2025,"Maharaja Yadavindra Singh International Cricket Stadium, Mullanpur",Punjab Kings,Punjab Kings,Kolkata Knight Riders,bat,Punjab Kings,1,1,0
1473469,2025,2025,"Arun Jaitley Stadium, Delhi",Rajasthan Royals,Delhi Capitals,Rajasthan Royals,field,Delhi Capitals,0,0,0
1473470,2025,2025,"Wankhede Stadium, Mumbai",Mumbai Indians,Sunrisers Hyderabad,Mumbai Indians,field,Mumbai Indians,1,0,1
1473471,2025,2025,"M Chinnaswamy Stadium, Bengaluru",Punjab Kings,Royal Challengers Bangalore,Punjab Kings,field,Punjab Kings,1,0,1
1473472,2025,2025,"Narendra Modi Stadium, Ahmedabad",Gujarat Titans,Delhi Capitals,Gujarat Titans,field,Gujarat Titans,1,0,1
1473473,2025,2025,"Sawai Mansingh Stadium, Jaipur",Lucknow Super Giants,Lucknow Super Giants,Rajasthan Royals,bat,Lucknow Super Giants,1,1,0
1473474,2025,2025,"Maharaja Yadavindra Singh International Cricket Stadium, Mullanpur",Royal Challengers Bangalore,Punjab Kings,Royal Challengers Bangalore,field,Royal Challengers Bangalore,1,0,1
1473475,2025,2025,"Wankhede Stadium, Mumbai",Mumbai Indians,Chennai Super Kings,Mumbai Indians,field,Mumbai Indians,1,0,1
1473476,2025,2025,"Eden Gardens, Kolkata",Kolkata Knight Riders,Gujarat Titans,Kolkata Knight Riders,field,Gujarat Titans,0,0,0
1473477,2025,2025,"Bharat Ratna Shri Atal Bihari Vajpayee Ekana Cricket Stadium, Lucknow",Delhi Capitals,Lucknow Super Giants,Delhi Capitals,field,Delhi Capitals,1,0,1
1473478,2025,2025,"Rajiv Gandhi International Stadium, Uppal, Hyderabad",Mumbai Indians,Sunrisers Hyderabad,Mumbai Indians,field,Mumbai Indians,1,0,1
1473479,2025,2025,"M Chinnaswamy Stadium, Bengaluru",Rajasthan Royals,Royal Challengers Bangalore,Rajasthan Royals,field,Royal Challengers Bangalore,0,0,0
1473480,2025,2025,"MA Chidambaram Stadium, Chepauk, Chennai",Sunrisers Hyderabad,Chennai Super Kings,Sunrisers Hyderabad,field,Sunrisers Hyderabad,1,0,1
1473482,2025,2025,"Wankhede Stadium, Mumbai",Lucknow Super Giants,Mumbai Indians,Lucknow Super Giants,field,Mumbai Indians,0,0,0
1473483,2025,2025,"Arun Jaitley Stadium, Delhi",Royal Challengers Bangalore,Delhi Capitals,Royal Challengers Bangalore,field,Royal Challengers Bangalore,1,0,1
1473484,2025,2025,"Sawai Mansingh Stadium, Jaipur",Rajasthan Royals,Gujarat Titans,Rajasthan Royals,field,Rajasthan Royals,1,0,1
1473485,2025,2025,"Arun Jaitley Stadium, Delhi",Delhi Capitals,Kolkata Knight Riders,Delhi Capitals,field,Kolkata Knight Riders,0,0,0
1473486,2025,2025,"MA Chidambaram Stadium, Chepauk, Chennai",Punjab Kings,Chennai Super Kings,Punjab Kings,field,Punjab Kings,1,0,1
1473487,2025,2025,"Sawai Mansingh Stadium, Jaipur",Rajasthan Royals,Mumbai Indians,Rajasthan Royals,field,Mumbai Indians,0,0,0
1473488,2025,2025,"Narendra Modi Stadium, Ahmedabad",Sunrisers Hyderabad,Gujarat Titans,Sunrisers Hyderabad,field,Gujarat Titans,0,0,0
1473489,2025,2025,"M Chinnaswamy Stadium, Bengaluru",Chennai Super Kings,Royal Challengers Bangalore,Chennai Super Kings,field,Royal Challengers Bangalore,0,0,0
1473490,2025,2025,"Eden Gardens, Kolkata",Kolkata Knight Riders,Kolkata Knight Riders,Rajasthan Royals,bat,Kolkata Knight Riders,1,1,0
1473491,2025,2025,"Himachal Pradesh Cricket Association Stadium, Dharamsala",Lucknow Super Giants,Punjab Kings,Lucknow Super Giants,field,Punjab Kings,0,0,0
1473493,2025,2025,"Wankhede Stadium, Mumbai",Gujarat Titans,Mumbai Indians,Gujarat Titans,field,Gujarat Titans,1,0,1
1473494,2025,2025,"Eden Gardens, Kolkata",Kolkata Knight Riders,Kolkata Knight Riders,Chennai Super Kings,bat,Chennai Super Kings,0,0,0
1473497,2025,2025,"Sawai Mansingh Stadium, Jaipur",Punjab Kings,Punjab Kings,Rajasthan Royals,bat,Punjab Kings,1,1,0
1473498,2025,2025,"Arun Jaitley Stadium, Delhi",Gujarat Titans,Delhi Capitals,Gujarat Titans,field,Gujarat Titans,1,0,1
1473499,2025,2025,"Bharat Ratna Shri Atal Bihari Vajpayee Ekana Cricket Stadium, Lucknow",Sunrisers Hyderabad,Lucknow Super Giants,Sunrisers Hyderabad,field,Sunrisers Hyderabad,1,0,1
1473500,2025,2025,"Arun Jaitley Stadium, Delhi",Rajasthan Royals,Chennai Super Kings,Rajasthan Royals,field,Rajasthan Royals,1,0,1
1473501,2025,2025,"Wankhede Stadium, Mumbai",Delhi Capitals,Mumbai Indians,Delhi Capitals,field,Mumbai Indians,0,0,0
1473502,2025,2025,"Narendra Modi Stadium, Ahmedabad",Gujarat Titans,Lucknow Super Giants,Gujarat Titans,field,Lucknow Super Giants,0,0,0
1473503,2025,2025,"Bharat Ratna Shri Atal Bihari Vajpayee Ekana Cricket Stadium, Lucknow",Royal Challengers Bangalore,Sunrisers Hyderabad,Royal Challengers Bangalore,field,Sunrisers Hyderabad,0,0,0
1473504,2025,2025,"Narendra Modi Stadium, Ahmedabad",Chennai Super Kings,Chennai Super Kings,Gujarat Titans,bat,Chennai Super Kings,1,1,0
1473505,2025,2025,"Arun Jaitley Stadium, Delhi",Sunrisers Hyderabad,Sunrisers Hyderabad,Kolkata Knight Riders,bat,Sunrisers Hyderabad,1,1,0
1473506,2025,2025,"Sawai Mansingh Stadium, Jaipur",Punjab Kings,Mumbai Indians,Punjab Kings,field,Punjab Kings,1,0,1
1473507,2025,2025,"Bharat Ratna Shri Atal Bihari Vajpayee Ekana Cricket Stadium, Lucknow",Royal Challengers Bangalore,Lucknow Super Giants,Royal Challengers Bangalore,field,Royal Challengers Bangalore,1,0,1
1473508,2025,2025,"Maharaja Yadavindra Singh International Cricket Stadium, Mullanpur",Royal Challengers Bangalore,Punjab Kings,Royal Challengers Bangalore,field,Royal Challengers Bangalore,1,0,1
1473509,2025,2025,"Maharaja Yadavindra Singh International Cricket Stadium, New Chandigarh",Mumbai Indians,Mumbai Indians,Gujarat Titans,bat,Mumbai Indians,1,1,0
1473510,2025,2025,"Narendra Modi Stadium, Ahmedabad",Punjab Kings,Mumbai Indians,Punjab Kings,field,Punjab Kings,1,0,1
1473511,2025,2025,"Narendra Modi Stadium, Ahmedabad",Punjab Kings,Royal Challengers Bangalore,Punjab Kings,field,Royal Challengers Bangalore,0,0,0
1485779,2025,2025,"Sawai Mansingh Stadium, Jaipur",Delhi Capitals,Punjab Kings,Delhi Capitals,field,Delhi Capitals,1,0,1
